{"v":"5.5.7","meta":{"g":"LottieFiles AE 0.1.20","a":"","k":"","d":"","tc":""},"fr":30,"ip":0,"op":90,"w":666,"h":666,"nm":"02_passaport 2","ddd":0,"assets":[],"layers":[{"ddd":0,"ind":1,"ty":4,"nm":"icon-passport Outlines","sr":1,"ks":{"o":{"a":1,"k":[{"i":{"x":[0.667],"y":[1]},"o":{"x":[0.333],"y":[0]},"t":0,"s":[0]},{"t":14,"s":[100]}],"ix":11},"r":{"a":0,"k":0,"ix":10},"p":{"a":1,"k":[{"i":{"x":0.667,"y":0.667},"o":{"x":0.333,"y":0.333},"t":0,"s":[333.001,314.035,0],"to":[0,0,0],"ti":[0,0,0]},{"i":{"x":0.667,"y":1},"o":{"x":0.333,"y":0},"t":9,"s":[333.001,314.035,0],"to":[0,0,0],"ti":[0,0,0]},{"i":{"x":0.667,"y":1},"o":{"x":0.167,"y":0},"t":20,"s":[205.381,314.035,0],"to":[0,0,0],"ti":[0,0,0]},{"t":22,"s":[215.381,314.035,0]}],"ix":2},"a":{"a":0,"k":[52,69.5,0],"ix":1},"s":{"a":1,"k":[{"i":{"x":[0.667,0.667,0.667],"y":[1,1,1]},"o":{"x":[0.333,0.333,0.333],"y":[0,0,0]},"t":0,"s":[183.361,183.361,100]},{"t":9,"s":[292.361,292.361,100]}],"ix":6}},"ao":0,"shapes":[{"ty":"gr","it":[{"ind":0,"ty":"sh","ix":1,"ks":{"a":0,"k":{"i":[[-0.256,-5.979],[0,0],[0,0],[0,0],[7.213,2.783],[0,0],[0,0]],"o":[[0,0],[0,0],[0,0],[-0.896,-7.674],[0,0],[0,0],[2.172,4.084]],"v":[[10.661,-2.181],[10.693,-1.451],[21.35,-1.451],[21.251,-2.297],[7.95,-19.18],[5.989,-19.936],[6.952,-18.126]],"c":true},"ix":2},"nm":"Path 1","mn":"ADBE Vector Shape - Group","hd":false},{"ind":1,"ty":"sh","ix":2,"ks":{"a":0,"k":{"i":[[2.173,-4.104],[0,0],[0,0],[-0.896,7.693],[0,0],[0,0],[0,0]],"o":[[0,0],[0,0],[7.215,-2.763],[0,0],[0,0],[0,0],[-0.256,5.958]],"v":[[6.952,18.126],[5.999,19.926],[7.948,19.18],[21.251,2.297],[21.35,1.45],[10.693,1.45],[10.661,2.18]],"c":true},"ix":2},"nm":"Path 2","mn":"ADBE Vector Shape - Group","hd":false},{"ind":2,"ty":"sh","ix":3,"ks":{"a":0,"k":{"i":[[0.241,-5.501],[0,0],[0,0],[0,0],[1.358,3.169],[0.798,0.894],[1.008,0],[0.774,-0.867],[0.677,-1.581]],"o":[[0,0],[0,0],[0,0],[-0.24,-5.501],[-0.678,-1.581],[-0.775,-0.867],[-1.007,0],[-0.798,0.894],[-1.357,3.169]],"v":[[-7.605,-2.243],[-7.639,-1.451],[7.639,-1.451],[7.604,-2.243],[4.947,-15.433],[2.708,-19.183],[-0.001,-20.688],[-2.708,-19.183],[-4.947,-15.433]],"c":true},"ix":2},"nm":"Path 3","mn":"ADBE Vector Shape - Group","hd":false},{"ind":3,"ty":"sh","ix":4,"ks":{"a":0,"k":{"i":[[0,0],[0,0],[0,0],[-1.357,-3.169],[-0.798,-0.895],[-1.007,0],[-0.774,0.868],[-0.676,1.582],[-0.229,5.501]],"o":[[0,0],[0,0],[0.241,5.501],[0.677,1.581],[0.774,0.867],[1.008,0],[0.798,-0.894],[1.356,-3.169],[0,0]],"v":[[7.616,1.45],[-7.639,1.45],[-7.605,2.243],[-4.947,15.432],[-2.708,19.182],[-0.001,20.688],[2.706,19.182],[4.943,15.432],[7.583,2.242]],"c":true},"ix":2},"nm":"Path 4","mn":"ADBE Vector Shape - Group","hd":false},{"ind":4,"ty":"sh","ix":5,"ks":{"a":0,"k":{"i":[[0,0],[0,0],[0,0],[-2.173,4.084],[0,0],[0,0],[0.895,-7.694]],"o":[[0,0],[0,0],[0.256,-5.979],[0,0],[0,0],[-7.215,2.762],[0,0]],"v":[[-21.352,-1.451],[-10.693,-1.451],[-10.663,-2.181],[-6.952,-18.126],[-5.993,-19.928],[-7.949,-19.181],[-21.253,-2.297]],"c":true},"ix":2},"nm":"Path 5","mn":"ADBE Vector Shape - Group","hd":false},{"ind":5,"ty":"sh","ix":6,"ks":{"a":0,"k":{"i":[[0,0],[0,0],[0,0],[-7.215,-2.763],[0,0],[0,0],[0.256,5.979]],"o":[[0,0],[0,0],[0.895,7.693],[0,0],[0,0],[-2.173,-4.083],[0,0]],"v":[[-10.693,1.45],[-21.352,1.45],[-21.253,2.297],[-7.949,19.18],[-5.993,19.928],[-6.952,18.124],[-10.663,2.18]],"c":true},"ix":2},"nm":"Path 6","mn":"ADBE Vector Shape - Group","hd":false},{"ind":6,"ty":"sh","ix":7,"ks":{"a":0,"k":{"i":[[0,13.016],[-13.517,0],[0,-13.015],[13.516,0]],"o":[[0,-13.015],[13.517,0],[0,13.016],[-13.516,0]],"v":[[-24.507,-0.01],[-0.001,-23.609],[24.507,-0.01],[-0.001,23.609]],"c":true},"ix":2},"nm":"Path 7","mn":"ADBE Vector Shape - Group","hd":false},{"ty":"mm","mm":1,"nm":"Merge Paths 1","mn":"ADBE Vector Filter - Merge","hd":false},{"ty":"fl","c":{"a":0,"k":[0.388000009574,0.388000009574,0.388000009574,1],"ix":4},"o":{"a":0,"k":100,"ix":5},"r":1,"bm":0,"nm":"Fill 1","mn":"ADBE Vector Graphic - Fill","hd":false},{"ty":"tr","p":{"a":0,"k":[53.406,69.5],"ix":2},"a":{"a":0,"k":[0,0],"ix":1},"s":{"a":0,"k":[100,100],"ix":3},"r":{"a":0,"k":0,"ix":6},"o":{"a":0,"k":100,"ix":7},"sk":{"a":0,"k":0,"ix":4},"sa":{"a":0,"k":0,"ix":5},"nm":"Transform"}],"nm":"Group 1","np":11,"cix":2,"bm":0,"ix":1,"mn":"ADBE Vector Group","hd":false},{"ty":"gr","it":[{"ind":0,"ty":"sh","ix":1,"ks":{"a":0,"k":{"i":[],"o":[],"v":[],"c":true},"ix":2},"nm":"Path 1","mn":"ADBE Vector Shape - Group","hd":false},{"ty":"fl","c":{"a":0,"k":[0.388000009574,0.388000009574,0.388000009574,1],"ix":4},"o":{"a":0,"k":100,"ix":5},"r":1,"bm":0,"nm":"Fill 1","mn":"ADBE Vector Graphic - Fill","hd":false},{"ty":"tr","p":{"a":0,"k":[0.5,0.5],"ix":2},"a":{"a":0,"k":[0,0],"ix":1},"s":{"a":0,"k":[100,100],"ix":3},"r":{"a":0,"k":0,"ix":6},"o":{"a":0,"k":100,"ix":7},"sk":{"a":0,"k":0,"ix":4},"sa":{"a":0,"k":0,"ix":5},"nm":"Transform"}],"nm":"Group 2","np":4,"cix":2,"bm":0,"ix":2,"mn":"ADBE Vector Group","hd":false},{"ty":"gr","it":[{"ind":0,"ty":"sh","ix":1,"ks":{"a":0,"k":{"i":[[0,0.748],[-0.777,0],[0,0],[0,-0.748],[0.775,0],[0,0]],"o":[[0,-0.748],[0,0],[0.775,0],[0,0.748],[0,0],[-0.777,0]],"v":[[-16.495,4.141],[-15.089,2.787],[14.808,2.787],[16.213,4.141],[14.808,5.495],[-15.089,5.495]],"c":true},"ix":2},"nm":"Path 1","mn":"ADBE Vector Shape - Group","hd":false},{"ind":1,"ty":"sh","ix":2,"ks":{"a":0,"k":{"i":[[0,0.748],[-0.775,0],[0,0],[0,-0.748],[0.775,0],[0,0]],"o":[[0,-0.748],[0,0],[0.775,0],[0,0.748],[0,0],[-0.775,0]],"v":[[-24.754,-4.142],[-23.349,-5.496],[23.35,-5.496],[24.755,-4.142],[23.35,-2.788],[-23.349,-2.788]],"c":true},"ix":2},"nm":"Path 2","mn":"ADBE Vector Shape - Group","hd":false},{"ty":"mm","mm":1,"nm":"Merge Paths 1","mn":"ADBE Vector Filter - Merge","hd":false},{"ty":"mm","mm":4,"nm":"Merge Paths 2","mn":"ADBE Vector Filter - Merge","hd":false},{"ty":"fl","c":{"a":0,"k":[0.388235330582,0.388235330582,0.388235330582,1],"ix":4},"o":{"a":0,"k":100,"ix":5},"r":1,"bm":0,"nm":"Fill 1","mn":"ADBE Vector Graphic - Fill","hd":false},{"ty":"tr","p":{"a":0,"k":[53.078,115.532],"ix":2},"a":{"a":0,"k":[0,0],"ix":1},"s":{"a":0,"k":[100,100],"ix":3},"r":{"a":0,"k":0,"ix":6},"o":{"a":0,"k":100,"ix":7},"sk":{"a":0,"k":0,"ix":4},"sa":{"a":0,"k":0,"ix":5},"nm":"Transform"}],"nm":"Group 3","np":6,"cix":2,"bm":0,"ix":3,"mn":"ADBE Vector Group","hd":false},{"ty":"gr","it":[{"ind":0,"ty":"sh","ix":1,"ks":{"a":0,"k":{"i":[[0,0],[0,-2.492],[0,0],[-2.587,0],[0,0],[0,2.492],[0,0],[2.588,0]],"o":[[-2.587,0],[0,0],[0,2.492],[0,0],[2.588,0],[0,0],[0,-2.492],[0,0]],"v":[[-47.315,-58.668],[-52,-54.155],[-52,54.157],[-47.315,58.67],[47.316,58.67],[52,54.157],[52,-54.155],[47.316,-58.668]],"c":true},"ix":2},"nm":"Path 1","mn":"ADBE Vector Shape - Group","hd":false},{"ind":1,"ty":"sh","ix":2,"ks":{"a":0,"k":{"i":[[1.034,0],[0,0],[0,-0.997],[0,0],[-1.035,0],[0,0],[0,0.997],[0,0]],"o":[[0,0],[-1.035,0],[0,0],[0,0.997],[0,0],[1.034,0],[0,0],[0,-0.997]],"v":[[47.316,-55.96],[-47.315,-55.96],[-49.189,-54.155],[-49.189,54.157],[-47.315,55.962],[47.316,55.962],[49.19,54.157],[49.19,-54.155]],"c":true},"ix":2},"nm":"Path 2","mn":"ADBE Vector Shape - Group","hd":false},{"ty":"mm","mm":1,"nm":"Merge Paths 1","mn":"ADBE Vector Filter - Merge","hd":false},{"ty":"gr","it":[{"ind":0,"ty":"sh","ix":1,"ks":{"a":0,"k":{"i":[[0,0],[0,0],[0,0],[0,0]],"o":[[0,0],[0,0],[0,0],[0,0]],"v":[[-52,58.668],[52,58.668],[52,-80.332],[-52,-80.332]],"c":true},"ix":2},"nm":"Path 1","mn":"ADBE Vector Shape - Group","hd":false},{"ind":1,"ty":"sh","ix":2,"ks":{"a":0,"k":{"i":[[0,0],[0,0],[0,0],[0,0]],"o":[[0,0],[0,0],[0,0],[0,0]],"v":[[-52,-80.332],[52,-80.332],[52,58.668],[-52,58.668]],"c":true},"ix":2},"nm":"Path 2","mn":"ADBE Vector Shape - Group","hd":false},{"ty":"tr","p":{"a":0,"k":[0,0],"ix":2},"a":{"a":0,"k":[0,0],"ix":1},"s":{"a":0,"k":[100,100],"ix":3},"r":{"a":0,"k":0,"ix":6},"o":{"a":0,"k":100,"ix":7},"sk":{"a":0,"k":0,"ix":4},"sa":{"a":0,"k":0,"ix":5},"nm":"Transform"}],"nm":"Group 1","np":2,"cix":2,"bm":0,"ix":4,"mn":"ADBE Vector Group","hd":false},{"ty":"mm","mm":1,"nm":"Merge Paths 2","mn":"ADBE Vector Filter - Merge","hd":false},{"ty":"fl","c":{"a":0,"k":[0.388000009574,0.388000009574,0.388000009574,1],"ix":4},"o":{"a":0,"k":100,"ix":5},"r":2,"bm":0,"nm":"Fill 1","mn":"ADBE Vector Graphic - Fill","hd":false},{"ty":"tr","p":{"a":0,"k":[52,80.332],"ix":2},"a":{"a":0,"k":[0,0],"ix":1},"s":{"a":0,"k":[100,100],"ix":3},"r":{"a":0,"k":0,"ix":6},"o":{"a":0,"k":100,"ix":7},"sk":{"a":0,"k":0,"ix":4},"sa":{"a":0,"k":0,"ix":5},"nm":"Transform"}],"nm":"Group 4","np":6,"cix":2,"bm":0,"ix":4,"mn":"ADBE Vector Group","hd":false},{"ty":"gr","it":[{"ind":0,"ty":"sh","ix":1,"ks":{"a":0,"k":{"i":[[0,0],[-2.588,0],[0,0],[0,-2.493],[0,0],[2.588,0],[0,0],[0,2.492]],"o":[[0,-2.493],[0,0],[2.588,0],[0,0],[0,2.492],[0,0],[-2.588,0],[0,0]],"v":[[-52,-54.155],[-47.315,-58.668],[47.315,-58.668],[52,-54.155],[52,54.157],[47.315,58.67],[-47.315,58.67],[-52,54.157]],"c":true},"ix":2},"nm":"Path 1","mn":"ADBE Vector Shape - Group","hd":false},{"ty":"gr","it":[{"ind":0,"ty":"sh","ix":1,"ks":{"a":0,"k":{"i":[[0,0],[0,0],[0,0],[0,0]],"o":[[0,0],[0,0],[0,0],[0,0]],"v":[[-52,58.668],[52,58.668],[52,-80.332],[-52,-80.332]],"c":true},"ix":2},"nm":"Path 1","mn":"ADBE Vector Shape - Group","hd":false},{"ind":1,"ty":"sh","ix":2,"ks":{"a":0,"k":{"i":[[0,0],[0,0],[0,0],[0,0]],"o":[[0,0],[0,0],[0,0],[0,0]],"v":[[-52,-80.332],[52,-80.332],[52,58.668],[-52,58.668]],"c":true},"ix":2},"nm":"Path 2","mn":"ADBE Vector Shape - Group","hd":false},{"ty":"tr","p":{"a":0,"k":[0,0],"ix":2},"a":{"a":0,"k":[0,0],"ix":1},"s":{"a":0,"k":[100,100],"ix":3},"r":{"a":0,"k":0,"ix":6},"o":{"a":0,"k":100,"ix":7},"sk":{"a":0,"k":0,"ix":4},"sa":{"a":0,"k":0,"ix":5},"nm":"Transform"}],"nm":"Group 1","np":2,"cix":2,"bm":0,"ix":2,"mn":"ADBE Vector Group","hd":false},{"ty":"mm","mm":1,"nm":"Merge Paths 1","mn":"ADBE Vector Filter - Merge","hd":false},{"ty":"fl","c":{"a":0,"k":[1,1,1,1],"ix":4},"o":{"a":0,"k":100,"ix":5},"r":1,"bm":0,"nm":"Fill 1","mn":"ADBE Vector Graphic - Fill","hd":false},{"ty":"tr","p":{"a":0,"k":[52,80.332],"ix":2},"a":{"a":0,"k":[0,0],"ix":1},"s":{"a":0,"k":[100,100],"ix":3},"r":{"a":0,"k":0,"ix":6},"o":{"a":0,"k":100,"ix":7},"sk":{"a":0,"k":0,"ix":4},"sa":{"a":0,"k":0,"ix":5},"nm":"Transform"}],"nm":"Group 5","np":4,"cix":2,"bm":0,"ix":5,"mn":"ADBE Vector Group","hd":false},{"ty":"gr","it":[{"ty":"rc","d":1,"s":{"a":0,"k":[83.285,107.834],"ix":2},"p":{"a":0,"k":[0,0],"ix":3},"r":{"a":0,"k":4,"ix":4},"nm":"Rectangle Path 1","mn":"ADBE Vector Shape - Rect","hd":false},{"ty":"st","c":{"a":0,"k":[0.388235324037,0.388235324037,0.388235324037,1],"ix":3},"o":{"a":0,"k":100,"ix":4},"w":{"a":0,"k":3,"ix":5},"lc":1,"lj":1,"ml":4,"bm":0,"nm":"Stroke 1","mn":"ADBE Vector Graphic - Stroke","hd":false},{"ty":"fl","c":{"a":0,"k":[1,1,1,1],"ix":4},"o":{"a":0,"k":100,"ix":5},"r":1,"bm":0,"nm":"Fill 1","mn":"ADBE Vector Graphic - Fill","hd":false},{"ty":"tr","p":{"a":0,"k":[41.915,51.738],"ix":2},"a":{"a":0,"k":[0,0],"ix":1},"s":{"a":0,"k":[93.778,75.105],"ix":3},"r":{"a":0,"k":90,"ix":6},"o":{"a":0,"k":100,"ix":7},"sk":{"a":0,"k":-14,"ix":4},"sa":{"a":0,"k":0,"ix":5},"nm":"Transform"}],"nm":"Rectangle 1","np":3,"cix":2,"bm":0,"ix":8,"mn":"ADBE Vector Group","hd":false}],"ip":0,"op":240,"st":0,"bm":0},{"ddd":0,"ind":2,"ty":4,"nm":"ID_pinkadler","sr":1,"ks":{"o":{"a":0,"k":100,"ix":11},"r":{"a":0,"k":0,"ix":10},"p":{"a":1,"k":[{"i":{"x":0.667,"y":1},"o":{"x":0.333,"y":0},"t":21,"s":[261.682,330,0],"to":[38.5,0,0],"ti":[0,0,0]},{"i":{"x":0.667,"y":1},"o":{"x":0.333,"y":0},"t":35,"s":[492.682,330,0],"to":[0,0,0],"ti":[0,0,0]},{"t":62,"s":[437.682,330,0]}],"ix":2},"a":{"a":0,"k":[61,39.5,0],"ix":1},"s":{"a":0,"k":[271.164,271.164,100],"ix":6}},"ao":0,"hasMask":true,"masksProperties":[{"inv":false,"mode":"a","pt":{"a":1,"k":[{"i":{"x":0.833,"y":0.833},"o":{"x":0.167,"y":0.167},"t":21,"s":[{"i":[[0,0],[0,0],[0,0],[0,0]],"o":[[0,0],[0,0],[0,0],[0,0]],"v":[[17.517,-6.494],[17.332,89.429],[198.551,89.429],[198.735,-6.494]],"c":true}]},{"t":36,"s":[{"i":[[0,0],[0,0],[0,0],[0,0]],"o":[[0,0],[0,0],[0,0],[0,0]],"v":[[-2.766,-6.454],[-2.95,89.47],[178.268,89.47],[178.452,-6.454]],"c":true}]}],"ix":1},"o":{"a":0,"k":100,"ix":3},"x":{"a":0,"k":0,"ix":4},"nm":"Mask 1"}],"shapes":[{"ty":"gr","it":[{"ind":0,"ty":"sh","ix":1,"ks":{"a":0,"k":{"i":[[-0.344,1.025],[-0.342,0.96]],"o":[[-0.86,-0.177],[0.083,-0.835]],"v":[[0.421,-9.055],[0.837,-8.623]],"c":true},"ix":2},"nm":"Path 1","mn":"ADBE Vector Shape - Group","hd":false},{"ind":1,"ty":"sh","ix":2,"ks":{"a":0,"k":{"i":[[-1.865,-1.671],[0.796,1.321],[4.73,2.448],[-2.122,-1.815],[0.299,0.011],[1.19,1.46],[-1.252,-1.334],[1.526,1.797],[-1.025,-0.897],[1.77,1.998],[-1.214,-1.09],[-0.461,-0.668],[1.264,0.855],[1.658,-0.294],[0.418,0.299],[0.544,-0.163],[2.817,-1.509],[-0.943,-0.279],[1.265,3.108],[-1.496,-1.199],[0.31,0.462],[0.534,-0.612],[0.201,0.071],[1.105,2.894],[0.491,1.32],[-0.209,-1.371],[-1.433,-3.099],[-0.129,0.715],[-1.511,1.155],[0.211,0.554],[-0.706,-0.007],[1.407,0.009],[0.548,1.754],[3.185,0.103],[1.05,0.292],[1.195,-1.444],[1.534,0.88],[2.608,0.295],[0.722,0.893],[2.258,0.29],[0.372,1.481],[1.387,-0.136],[-0.247,0.838],[-1.22,1.424],[1.943,-1.814],[-1.724,5.036],[-0.601,0.006],[1.567,0.271],[-0.535,0.216],[0.074,1.272],[1.3,-0.82],[-1.57,-1.422],[3.336,0.777],[-0.839,0.125]],"o":[[-1.831,0.299],[-1.019,1.486],[-4.448,-6.665],[0.588,0.377],[-1.964,-0.558],[-0.364,1.554],[-2.882,0.243],[-1.034,0.35],[-3.183,0.113],[-0.796,1.708],[-1.572,-0.208],[2.29,-0.76],[-0.835,-0.135],[-0.095,-0.335],[-0.029,0.443],[-1.512,0.317],[-1.128,-0.903],[-1.391,-2.551],[-0.181,1.718],[0.751,0.199],[-0.568,-0.949],[-0.544,0.415],[-2.843,2.789],[-0.58,0.394],[-2.01,2.478],[-0.368,1.283],[-0.872,0.638],[-1.011,2.242],[-0.528,-0.261],[-0.62,-1.289],[0.492,-0.901],[1.252,-1.102],[-1.858,1.954],[0.962,-0.786],[-1.047,1.554],[-4.952,2.715],[-1.308,1.651],[1.001,-0.948],[-1.061,1.499],[1.111,-1.22],[-0.699,0.997],[-1.73,0.319],[1.199,-1.492],[-1.353,-0.371],[-4.359,0.731],[-0.305,-0.094],[1.457,0.521],[-1.219,-0.747],[-0.333,-1.275],[-0.396,-0.919],[1.157,1.514],[3.164,0.023],[-0.2,-1.622],[0.202,1.343]],"v":[[10.097,-1.192],[6.631,-3.92],[7.769,0.63],[8.859,2.861],[8.181,3.037],[4.496,-1.47],[8.224,4.582],[3.14,-0.709],[7.186,5.844],[1.542,-0.331],[3.488,4.285],[3.848,6.134],[4.639,6.84],[4.417,8.701],[3.802,7.45],[3.385,8.784],[1.778,7.17],[2.724,6.133],[0.74,3.48],[1.816,8.751],[1.044,9.164],[0.108,9.429],[-0.834,8.552],[-0.925,3.478],[-1.973,4.766],[-1.489,6.545],[-2.914,8.621],[-3.983,7.459],[-4.391,6.834],[-5.616,6.949],[-3.968,6.111],[-3.623,4.239],[-1.638,-0.313],[-7.371,5.843],[-3.314,-0.725],[-6.389,3.993],[-4.717,-1.414],[-9.308,3.081],[-5.928,-2.411],[-9.969,1.237],[-6.85,-3.866],[-9.455,-1.224],[-8.656,-3.04],[-5.786,-7.862],[-3.313,-7.629],[-0.73,-6.141],[-1.699,-7.093],[-1.624,-7.334],[-0.447,-7.602],[-2.256,-8.832],[1.559,-8.894],[1.904,-4.013],[2.788,-7.94],[5.822,-8.157]],"c":true},"ix":2},"nm":"Path 2","mn":"ADBE Vector Shape - Group","hd":false},{"ty":"mm","mm":1,"nm":"Merge Paths 1","mn":"ADBE Vector Filter - Merge","hd":false},{"ty":"fl","c":{"a":0,"k":[0.995999983245,0.717999985639,0.991999966491,1],"ix":4},"o":{"a":0,"k":100,"ix":5},"r":1,"bm":0,"nm":"Fill 1","mn":"ADBE Vector Graphic - Fill","hd":false},{"ty":"tr","p":{"a":0,"k":[104.009,42.24],"ix":2},"a":{"a":0,"k":[0,0],"ix":1},"s":{"a":0,"k":[100,100],"ix":3},"r":{"a":0,"k":0,"ix":6},"o":{"a":0,"k":100,"ix":7},"sk":{"a":0,"k":0,"ix":4},"sa":{"a":0,"k":0,"ix":5},"nm":"Transform"}],"nm":"Group 1","np":6,"cix":2,"bm":0,"ix":1,"mn":"ADBE Vector Group","hd":false},{"ty":"gr","it":[{"ind":0,"ty":"sh","ix":1,"ks":{"a":0,"k":{"i":[[-0.404,0],[0,0.454],[0.404,0],[0,-0.453]],"o":[[0.404,0],[0,-0.453],[-0.404,0],[0,0.454]],"v":[[0,0.821],[0.731,-0.001],[0,-0.822],[-0.731,-0.001]],"c":true},"ix":2},"nm":"Path 1","mn":"ADBE Vector Shape - Group","hd":false},{"ty":"fl","c":{"a":0,"k":[1,1,1,1],"ix":4},"o":{"a":0,"k":100,"ix":5},"r":1,"bm":0,"nm":"Fill 1","mn":"ADBE Vector Graphic - Fill","hd":false},{"ty":"tr","p":{"a":0,"k":[28.396,39.29],"ix":2},"a":{"a":0,"k":[0,0],"ix":1},"s":{"a":0,"k":[100,100],"ix":3},"r":{"a":0,"k":0,"ix":6},"o":{"a":0,"k":100,"ix":7},"sk":{"a":0,"k":0,"ix":4},"sa":{"a":0,"k":0,"ix":5},"nm":"Transform"}],"nm":"Group 2","np":4,"cix":2,"bm":0,"ix":2,"mn":"ADBE Vector Group","hd":false},{"ty":"gr","it":[{"ind":0,"ty":"sh","ix":1,"ks":{"a":0,"k":{"i":[[-1.072,0],[0,1.204],[1.073,0],[0,-1.205]],"o":[[1.073,0],[0,-1.205],[-1.072,0],[0,1.204]],"v":[[0,2.902],[1.942,-0.056],[0,-2.903],[-1.942,-0.056]],"c":true},"ix":2},"nm":"Path 1","mn":"ADBE Vector Shape - Group","hd":false},{"ty":"fl","c":{"a":0,"k":[0.481999984442,0.481999984442,0.481999984442,1],"ix":4},"o":{"a":0,"k":100,"ix":5},"r":1,"bm":0,"nm":"Fill 1","mn":"ADBE Vector Graphic - Fill","hd":false},{"ty":"tr","p":{"a":0,"k":[28.94,39.881],"ix":2},"a":{"a":0,"k":[0,0],"ix":1},"s":{"a":0,"k":[100,100],"ix":3},"r":{"a":0,"k":0,"ix":6},"o":{"a":0,"k":100,"ix":7},"sk":{"a":0,"k":0,"ix":4},"sa":{"a":0,"k":0,"ix":5},"nm":"Transform"}],"nm":"Group 3","np":4,"cix":2,"bm":0,"ix":3,"mn":"ADBE Vector Group","hd":false},{"ty":"gr","it":[{"ind":0,"ty":"sh","ix":1,"ks":{"a":0,"k":{"i":[[-0.455,0],[0,0.417],[0.455,0],[0,-0.417]],"o":[[0.455,0],[0,-0.417],[-0.455,0],[0,0.417]],"v":[[0,0.754],[0.824,0],[0,-0.755],[-0.824,0]],"c":true},"ix":2},"nm":"Path 1","mn":"ADBE Vector Shape - Group","hd":false},{"ty":"fl","c":{"a":0,"k":[1,1,1,1],"ix":4},"o":{"a":0,"k":100,"ix":5},"r":1,"bm":0,"nm":"Fill 1","mn":"ADBE Vector Graphic - Fill","hd":false},{"ty":"tr","p":{"a":0,"k":[42.44,39.471],"ix":2},"a":{"a":0,"k":[0,0],"ix":1},"s":{"a":0,"k":[100,100],"ix":3},"r":{"a":0,"k":0,"ix":6},"o":{"a":0,"k":100,"ix":7},"sk":{"a":0,"k":0,"ix":4},"sa":{"a":0,"k":0,"ix":5},"nm":"Transform"}],"nm":"Group 4","np":4,"cix":2,"bm":0,"ix":4,"mn":"ADBE Vector Group","hd":false},{"ty":"gr","it":[{"ind":0,"ty":"sh","ix":1,"ks":{"a":0,"k":{"i":[[-1.159,0],[0,1.01],[1.159,0],[0,-1.009]],"o":[[1.159,0],[0,-1.009],[-1.159,0],[0,1.01]],"v":[[0,2.432],[2.099,-0.048],[0,-2.432],[-2.099,-0.048]],"c":true},"ix":2},"nm":"Path 1","mn":"ADBE Vector Shape - Group","hd":false},{"ty":"fl","c":{"a":0,"k":[0.481999984442,0.481999984442,0.481999984442,1],"ix":4},"o":{"a":0,"k":100,"ix":5},"r":1,"bm":0,"nm":"Fill 1","mn":"ADBE Vector Graphic - Fill","hd":false},{"ty":"tr","p":{"a":0,"k":[42.966,40.364],"ix":2},"a":{"a":0,"k":[0,0],"ix":1},"s":{"a":0,"k":[100,100],"ix":3},"r":{"a":0,"k":0,"ix":6},"o":{"a":0,"k":100,"ix":7},"sk":{"a":0,"k":0,"ix":4},"sa":{"a":0,"k":0,"ix":5},"nm":"Transform"}],"nm":"Group 5","np":4,"cix":2,"bm":0,"ix":5,"mn":"ADBE Vector Group","hd":false},{"ty":"gr","it":[{"ind":0,"ty":"sh","ix":1,"ks":{"a":0,"k":{"i":[[0.584,-0.476],[-0.048,-0.527],[-0.174,-0.205],[-0.309,-0.198],[-1.028,0.108],[-0.687,0.365],[0.045,0.341],[0.673,0.49],[1.145,-0.102]],"o":[[-0.586,0.478],[0.006,0.059],[0.166,0.194],[0.616,0.394],[1.189,-0.125],[0.708,-0.376],[-0.055,-0.415],[-0.664,-0.482],[-1.171,0.106]],"v":[[-2.855,-1.122],[-3.659,0.454],[-3.415,0.868],[-2.698,1.479],[-0.187,2.068],[2.699,1.29],[3.639,0.167],[2.54,-1.353],[-0.202,-2.076]],"c":true},"ix":2},"nm":"Path 1","mn":"ADBE Vector Shape - Group","hd":false},{"ind":1,"ty":"sh","ix":2,"ks":{"a":0,"k":{"i":[[-0.677,0.553],[-1.256,0.113],[-0.753,-0.547],[-0.076,-0.574],[0.744,-0.396],[1.235,-0.13],[0.695,0.444],[0.198,0.233],[0.018,0.204]],"o":[[0.679,-0.552],[1.284,-0.115],[0.742,0.54],[0.085,0.648],[-0.764,0.406],[-1.169,0.123],[-0.348,-0.223],[-0.189,-0.223],[-0.064,-0.71]],"v":[[-3.182,-1.475],[-0.245,-2.544],[2.85,-1.725],[4.137,0.105],[2.943,1.699],[-0.135,2.536],[-2.984,1.868],[-3.809,1.165],[-4.159,0.499]],"c":true},"ix":2},"nm":"Path 2","mn":"ADBE Vector Shape - Group","hd":false},{"ty":"mm","mm":1,"nm":"Merge Paths 1","mn":"ADBE Vector Filter - Merge","hd":false},{"ty":"fl","c":{"a":0,"k":[0.481999984442,0.481999984442,0.481999984442,1],"ix":4},"o":{"a":0,"k":100,"ix":5},"r":1,"bm":0,"nm":"Fill 1","mn":"ADBE Vector Graphic - Fill","hd":false},{"ty":"tr","p":{"a":0,"k":[43.158,40.197],"ix":2},"a":{"a":0,"k":[0,0],"ix":1},"s":{"a":0,"k":[100,100],"ix":3},"r":{"a":0,"k":0,"ix":6},"o":{"a":0,"k":100,"ix":7},"sk":{"a":0,"k":0,"ix":4},"sa":{"a":0,"k":0,"ix":5},"nm":"Transform"}],"nm":"Group 6","np":6,"cix":2,"bm":0,"ix":6,"mn":"ADBE Vector Group","hd":false},{"ty":"gr","it":[{"ind":0,"ty":"sh","ix":1,"ks":{"a":0,"k":{"i":[[0,0],[0,0],[0,0],[0,0],[0,0],[0.016,-0.019],[0.061,-0.073],[0.231,-0.262],[0.833,-0.833],[2.617,-1.628],[2.489,-0.983],[0.772,-0.268],[0.212,-0.07],[0.055,-0.019],[0,0],[0,0],[0,0],[0.075,0.236],[0,0],[0,0],[0,0],[0,0],[-0.105,0.034],[-0.383,0.132],[-1.238,0.489],[-2.575,1.602],[-1.649,1.65],[-0.456,0.518],[-0.119,0.143],[-0.03,0.037],[-0.008,0.009],[0,0]],"o":[[0,0],[0.197,0.155],[0,0],[0,0],[-0.008,0.01],[-0.031,0.038],[-0.122,0.145],[-0.462,0.523],[-1.663,1.665],[-2.613,1.626],[-1.245,0.492],[-0.386,0.134],[-0.106,0.035],[0,0],[0,0],[0,0],[0,0],[0,0],[0,0],[0,0],[0,0],[0.054,-0.017],[0.209,-0.069],[0.767,-0.266],[2.478,-0.979],[2.572,-1.601],[0.824,-0.825],[0.228,-0.259],[0.059,-0.071],[0.015,-0.018],[0,0],[0,0]],"v":[[10.617,-7.085],[10.813,-6.93],[11.009,-6.775],[11.006,-6.771],[10.997,-6.76],[10.961,-6.716],[10.823,-6.549],[10.291,-5.932],[8.327,-3.844],[1.727,1.523],[-6.524,5.523],[-9.624,6.673],[-10.53,6.98],[-10.773,7.059],[-10.837,7.079],[-10.853,7.085],[-10.858,7.085],[-10.934,6.85],[-11.01,6.611],[-11.006,6.611],[-10.99,6.605],[-10.928,6.585],[-10.688,6.508],[-9.79,6.204],[-6.709,5.061],[1.46,1.102],[7.971,-4.195],[9.913,-6.26],[10.437,-6.868],[10.572,-7.031],[10.606,-7.072],[10.614,-7.083]],"c":true},"ix":2},"nm":"Path 1","mn":"ADBE Vector Shape - Group","hd":false},{"ty":"fl","c":{"a":0,"k":[0.481999984442,0.481999984442,0.481999984442,1],"ix":4},"o":{"a":0,"k":100,"ix":5},"r":1,"bm":0,"nm":"Fill 1","mn":"ADBE Vector Graphic - Fill","hd":false},{"ty":"tr","p":{"a":0,"k":[33.178,29.712],"ix":2},"a":{"a":0,"k":[0,0],"ix":1},"s":{"a":0,"k":[100,100],"ix":3},"r":{"a":0,"k":0,"ix":6},"o":{"a":0,"k":100,"ix":7},"sk":{"a":0,"k":0,"ix":4},"sa":{"a":0,"k":0,"ix":5},"nm":"Transform"}],"nm":"Group 7","np":4,"cix":2,"bm":0,"ix":7,"mn":"ADBE Vector Group","hd":false},{"ty":"gr","it":[{"ind":0,"ty":"sh","ix":1,"ks":{"a":0,"k":{"i":[[0,0],[0,0],[0,0],[0,0],[0,0],[0,0],[-0.017,-0.032],[-0.072,-0.122],[-0.302,-0.409],[-1.312,-0.98],[-1.063,-0.385],[-0.314,-0.082],[-0.083,-0.018],[-0.022,-0.005],[0,0],[0,0],[0,0],[0,0],[0,0],[0,0],[0,0],[0,0],[0,0],[0.045,0.01],[0.163,0.043],[0.547,0.199],[1.361,1.016],[0.625,0.849],[0.15,0.256],[0.037,0.071],[0.009,0.019],[0,0],[0,0],[0,0]],"o":[[0,0],[0,0],[0,0],[0,0],[0,0],[0.009,0.016],[0.035,0.065],[0.142,0.244],[0.602,0.818],[1.31,0.979],[0.53,0.192],[0.157,0.041],[0.042,0.009],[0,0],[0,0],[0,0],[0,0],[0,0],[0,0],[0,0],[0,0],[0,0],[-0.023,-0.005],[-0.089,-0.02],[-0.327,-0.086],[-1.092,-0.396],[-1.36,-1.016],[-0.313,-0.424],[-0.076,-0.129],[-0.019,-0.035],[0,0],[0,0],[0,0],[0,0]],"v":[[-4.855,-3.407],[-4.629,-3.514],[-4.402,-3.62],[-4.402,-3.62],[-4.4,-3.616],[-4.392,-3.598],[-4.354,-3.525],[-4.195,-3.243],[-3.532,-2.243],[-0.686,0.618],[3.074,2.611],[4.367,3.016],[4.73,3.105],[4.827,3.126],[4.85,3.132],[4.855,3.133],[4.855,3.133],[4.809,3.376],[4.762,3.62],[4.76,3.62],[4.758,3.62],[4.751,3.618],[4.723,3.613],[4.62,3.592],[4.238,3.497],[2.902,3.079],[-0.988,1.016],[-3.938,-1.95],[-4.629,-2.992],[-4.798,-3.294],[-4.84,-3.376],[-4.852,-3.398],[-4.855,-3.404],[-4.855,-3.406]],"c":true},"ix":2},"nm":"Path 1","mn":"ADBE Vector Shape - Group","hd":false},{"ty":"fl","c":{"a":0,"k":[0.481999984442,0.481999984442,0.481999984442,1],"ix":4},"o":{"a":0,"k":100,"ix":5},"r":1,"bm":0,"nm":"Fill 1","mn":"ADBE Vector Graphic - Fill","hd":false},{"ty":"tr","p":{"a":0,"k":[44.927,30.347],"ix":2},"a":{"a":0,"k":[0,0],"ix":1},"s":{"a":0,"k":[100,100],"ix":3},"r":{"a":0,"k":0,"ix":6},"o":{"a":0,"k":100,"ix":7},"sk":{"a":0,"k":0,"ix":4},"sa":{"a":0,"k":0,"ix":5},"nm":"Transform"}],"nm":"Group 8","np":4,"cix":2,"bm":0,"ix":8,"mn":"ADBE Vector Group","hd":false},{"ty":"gr","it":[{"ind":0,"ty":"sh","ix":1,"ks":{"a":0,"k":{"i":[[0,0],[-0.018,0.26],[0.263,0.018]],"o":[[0.263,0.019],[0.018,-0.261],[0,0]],"v":[[3.07,1.104],[3.579,0.666],[3.136,0.161]],"c":true},"ix":2},"nm":"Path 1","mn":"ADBE Vector Shape - Group","hd":false},{"ind":1,"ty":"sh","ix":2,"ks":{"a":0,"k":{"i":[[-0.119,0.233],[-0.235,-0.118],[0,0],[0,0],[0,0],[-0.025,-0.012],[-0.091,-0.042],[-0.29,-0.114],[-0.516,-0.039],[-0.642,-0.045],[-0.203,-0.013],[0,0],[0,0],[0,0],[0.321,0.023],[0.595,0.045],[0.606,0.238],[0.194,0.088],[0.055,0.027],[0.014,0.007],[0,0],[0,0],[0,0],[0,0],[0,0]],"o":[[0.118,-0.234],[0,0],[0,0],[0,0],[0.012,0.007],[0.049,0.023],[0.182,0.083],[0.596,0.234],[0.592,0.044],[0.32,0.022],[0,0],[0,0],[0,0],[-0.204,-0.014],[-0.642,-0.045],[-0.67,-0.05],[-0.31,-0.122],[-0.096,-0.045],[-0.026,-0.012],[0,0],[0,0],[0,0],[0,0],[0,0],[-0.235,-0.117]],"v":[[-3.478,-0.795],[-2.838,-1.005],[-2.837,-1.005],[-2.834,-1.003],[-2.82,-0.998],[-2.764,-0.97],[-2.551,-0.871],[-1.824,-0.561],[-0.021,-0.064],[2.002,0.082],[2.809,0.138],[3.136,0.161],[3.07,1.104],[2.743,1.082],[1.934,1.025],[-0.094,0.878],[-2.176,0.318],[-2.951,-0.011],[-3.18,-0.119],[-3.242,-0.149],[-3.259,-0.158],[-3.264,-0.16],[-3.266,-0.161],[-3.052,-0.583],[-3.266,-0.161]],"c":true},"ix":2},"nm":"Path 2","mn":"ADBE Vector Shape - Group","hd":false},{"ty":"mm","mm":1,"nm":"Merge Paths 1","mn":"ADBE Vector Filter - Merge","hd":false},{"ty":"fl","c":{"a":0,"k":[0.481999984442,0.481999984442,0.481999984442,1],"ix":4},"o":{"a":0,"k":100,"ix":5},"r":1,"bm":0,"nm":"Fill 1","mn":"ADBE Vector Graphic - Fill","hd":false},{"ty":"tr","p":{"a":0,"k":[33.092,49.302],"ix":2},"a":{"a":0,"k":[0,0],"ix":1},"s":{"a":0,"k":[100,100],"ix":3},"r":{"a":0,"k":0,"ix":6},"o":{"a":0,"k":100,"ix":7},"sk":{"a":0,"k":0,"ix":4},"sa":{"a":0,"k":0,"ix":5},"nm":"Transform"}],"nm":"Group 9","np":6,"cix":2,"bm":0,"ix":9,"mn":"ADBE Vector Group","hd":false},{"ty":"gr","it":[{"ind":0,"ty":"sh","ix":1,"ks":{"a":0,"k":{"i":[[0,0]],"o":[[0,0]],"v":[[3.809,0.652]],"c":true},"ix":2},"nm":"Path 1","mn":"ADBE Vector Shape - Group","hd":false},{"ind":1,"ty":"sh","ix":2,"ks":{"a":0,"k":{"i":[[0,0],[0,0]],"o":[[0,0],[0,0]],"v":[[3.801,0.648],[3.809,0.652]],"c":true},"ix":2},"nm":"Path 2","mn":"ADBE Vector Shape - Group","hd":false},{"ind":2,"ty":"sh","ix":3,"ks":{"a":0,"k":{"i":[[0,0],[-0.008,-0.005]],"o":[[0.019,0.01],[0,0]],"v":[[3.761,0.625],[3.801,0.648]],"c":true},"ix":2},"nm":"Path 3","mn":"ADBE Vector Shape - Group","hd":false},{"ind":3,"ty":"sh","ix":4,"ks":{"a":0,"k":{"i":[[0,0],[-0.038,-0.021]],"o":[[0.08,0.038],[0,0]],"v":[[3.583,0.535],[3.761,0.625]],"c":true},"ix":2},"nm":"Path 4","mn":"ADBE Vector Shape - Group","hd":false},{"ind":4,"ty":"sh","ix":5,"ks":{"a":0,"k":{"i":[[0,0],[-0.16,-0.077]],"o":[[0.311,0.101],[0,0]],"v":[[2.872,0.254],[3.583,0.535]],"c":true},"ix":2},"nm":"Path 5","mn":"ADBE Vector Shape - Group","hd":false},{"ind":5,"ty":"sh","ix":6,"ks":{"a":0,"k":{"i":[[0,0],[1.101,-0.048],[0.756,-0.231],[0.209,-0.083],[0.053,-0.023],[0.012,-0.005],[0,0],[0,0],[0.135,0.201],[-0.242,0.113],[0,0],[0,0],[0,0],[0,0],[0,0],[0,0],[-0.031,0.014],[-0.116,0.045],[-0.408,0.125],[-1.251,0.055],[-0.726,-0.236],[-0.197,-0.094],[-0.054,-0.029],[-0.015,-0.009],[-0.005,-0.003],[0,0],[0,0],[0,0],[0.282,-0.319],[0,0],[0.164,-0.186],[0.224,0.137]],"o":[[-0.622,-0.202],[-1.12,0.049],[-0.376,0.115],[-0.104,0.041],[-0.027,0.011],[0,0],[0,0],[-0.242,0.113],[-0.135,-0.202],[0,0],[0,0],[0,0],[0,0],[0,0],[0,0],[0.017,-0.008],[0.063,-0.026],[0.232,-0.091],[0.814,-0.249],[1.271,-0.055],[0.364,0.118],[0.099,0.047],[0.027,0.015],[0.008,0.004],[0,0],[0,0],[0,0],[0,0],[0,0],[0.223,0.136],[-0.164,0.186],[0,0]],"v":[[2.872,0.254],[0.25,-0.091],[-2.655,0.429],[-3.544,0.738],[-3.781,0.836],[-3.84,0.861],[-3.854,0.867],[-3.856,0.868],[-4.539,0.707],[-4.345,0.138],[-4.101,0.503],[-4.345,0.138],[-4.344,0.137],[-4.342,0.137],[-4.337,0.134],[-4.316,0.125],[-4.243,0.092],[-3.973,-0.018],[-3.001,-0.356],[0.197,-0.926],[3.236,-0.525],[4.082,-0.191],[4.312,-0.074],[4.375,-0.038],[4.394,-0.027],[4.4,-0.024],[4.402,-0.022],[4.403,-0.022],[4.122,0.297],[4.404,-0.021],[4.51,0.563],[3.809,0.652]],"c":false},"ix":2},"nm":"Path 6","mn":"ADBE Vector Shape - Group","hd":false},{"ty":"mm","mm":1,"nm":"Merge Paths 1","mn":"ADBE Vector Filter - Merge","hd":false},{"ty":"fl","c":{"a":0,"k":[0.481999984442,0.481999984442,0.481999984442,1],"ix":4},"o":{"a":0,"k":100,"ix":5},"r":1,"bm":0,"nm":"Fill 1","mn":"ADBE Vector Graphic - Fill","hd":false},{"ty":"tr","p":{"a":0,"k":[27.986,35.781],"ix":2},"a":{"a":0,"k":[0,0],"ix":1},"s":{"a":0,"k":[100,100],"ix":3},"r":{"a":0,"k":0,"ix":6},"o":{"a":0,"k":100,"ix":7},"sk":{"a":0,"k":0,"ix":4},"sa":{"a":0,"k":0,"ix":5},"nm":"Transform"}],"nm":"Group 10","np":10,"cix":2,"bm":0,"ix":10,"mn":"ADBE Vector Group","hd":false},{"ty":"gr","it":[{"ind":0,"ty":"sh","ix":1,"ks":{"a":0,"k":{"i":[[0,0],[0.08,0.221],[-0.265,0.066],[0,0],[0,0],[0,0],[0,0],[-0.046,0.012],[-0.164,0.039],[-0.477,0.105],[-0.454,0.08],[-0.292,0],[-0.413,-0.095],[-0.441,-0.129],[-0.301,-0.096],[-0.086,-0.028],[-0.023,-0.008],[0,0],[0,0],[0.166,-0.341],[0,0],[0.104,-0.214],[0.257,0.087],[0,0],[0,0],[0.041,0.013],[0.147,0.047],[0.43,0.126],[0.399,0.092],[0.158,0],[0.445,-0.079],[0.47,-0.103],[0.324,-0.078],[0.091,-0.023],[0.024,-0.006],[0,0]],"o":[[-0.266,0.067],[-0.081,-0.22],[0,0],[-0.145,-0.4],[0,0],[0,0],[0.025,-0.006],[0.094,-0.023],[0.328,-0.079],[0.478,-0.105],[0.439,-0.077],[0.31,0],[0.431,0.1],[0.443,0.129],[0.151,0.049],[0.043,0.015],[0,0],[0,0],[0,0],[0,0],[0.257,0.086],[-0.105,0.214],[0,0],[0,0],[-0.022,-0.007],[-0.083,-0.028],[-0.295,-0.095],[-0.432,-0.127],[-0.416,-0.096],[-0.173,0],[-0.431,0.075],[-0.468,0.103],[-0.161,0.038],[-0.046,0.012],[0,0],[0,0]],"v":[[-3.962,0.693],[-4.587,0.413],[-4.253,-0.107],[-4.107,0.294],[-4.253,-0.107],[-4.243,-0.109],[-4.214,-0.117],[-4.105,-0.144],[-3.714,-0.239],[-2.462,-0.527],[-1.02,-0.818],[0.142,-0.958],[1.288,-0.783],[2.637,-0.423],[3.792,-0.068],[4.152,0.049],[4.251,0.083],[4.279,0.092],[4.288,0.096],[4.122,0.436],[4.288,0.096],[4.564,0.639],[3.911,0.87],[3.902,0.868],[3.878,0.859],[3.783,0.827],[3.432,0.714],[2.305,0.367],[1.02,0.023],[0.142,-0.12],[-0.812,0.001],[-2.204,0.281],[-3.437,0.566],[-3.82,0.658],[-3.926,0.684],[-3.954,0.691]],"c":true},"ix":2},"nm":"Path 1","mn":"ADBE Vector Shape - Group","hd":false},{"ty":"fl","c":{"a":0,"k":[0.481999984442,0.481999984442,0.481999984442,1],"ix":4},"o":{"a":0,"k":100,"ix":5},"r":1,"bm":0,"nm":"Fill 1","mn":"ADBE Vector Graphic - Fill","hd":false},{"ty":"tr","p":{"a":0,"k":[43.996,35.801],"ix":2},"a":{"a":0,"k":[0,0],"ix":1},"s":{"a":0,"k":[100,100],"ix":3},"r":{"a":0,"k":0,"ix":6},"o":{"a":0,"k":100,"ix":7},"sk":{"a":0,"k":0,"ix":4},"sa":{"a":0,"k":0,"ix":5},"nm":"Transform"}],"nm":"Group 11","np":4,"cix":2,"bm":0,"ix":11,"mn":"ADBE Vector Group","hd":false},{"ty":"gr","it":[{"ind":0,"ty":"sh","ix":1,"ks":{"a":0,"k":{"i":[[-0.133,0.04],[-0.04,-0.131],[0,0],[-0.373,-1.578],[-0.08,-0.674],[0.007,-0.268],[0.089,-0.189],[0.715,-0.131],[0.506,-0.002],[0.057,-0.001],[0.001,0.138],[-0.138,0.001],[-0.064,0],[-0.596,0.11],[-0.212,0.453],[-0.007,0.241],[0.039,0.324],[0.186,0.782],[0.175,0.568],[0,0]],"o":[[0.132,-0.04],[0,0],[0.175,0.57],[0.187,0.789],[0.041,0.337],[-0.008,0.264],[-0.321,0.685],[-0.644,0.118],[-0.064,0],[-0.138,0.001],[-0.001,-0.137],[0.059,-0.001],[0.51,-0.003],[0.683,-0.125],[0.045,-0.096],[0.007,-0.236],[-0.077,-0.648],[-0.369,-1.562],[0,0],[-0.041,-0.132]],"v":[[0.269,-4.48],[0.582,-4.314],[0.583,-4.31],[1.613,-0.587],[2.04,1.673],[2.094,2.59],[1.962,3.288],[0.18,4.395],[-1.665,4.518],[-1.847,4.518],[-2.1,4.271],[-1.851,4.021],[-1.665,4.02],[0.088,3.906],[1.507,3.079],[1.592,2.577],[1.542,1.732],[1.124,-0.474],[0.102,-4.167],[0.102,-4.169]],"c":true},"ix":2},"nm":"Path 1","mn":"ADBE Vector Shape - Group","hd":false},{"ty":"fl","c":{"a":0,"k":[0.481999984442,0.481999984442,0.481999984442,1],"ix":4},"o":{"a":0,"k":100,"ix":5},"r":1,"bm":0,"nm":"Fill 1","mn":"ADBE Vector Graphic - Fill","hd":false},{"ty":"tr","p":{"a":0,"k":[35.582,42.423],"ix":2},"a":{"a":0,"k":[0,0],"ix":1},"s":{"a":0,"k":[100,100],"ix":3},"r":{"a":0,"k":0,"ix":6},"o":{"a":0,"k":100,"ix":7},"sk":{"a":0,"k":0,"ix":4},"sa":{"a":0,"k":0,"ix":5},"nm":"Transform"}],"nm":"Group 12","np":4,"cix":2,"bm":0,"ix":12,"mn":"ADBE Vector Group","hd":false},{"ty":"gr","it":[{"ind":0,"ty":"sh","ix":1,"ks":{"a":0,"k":{"i":[[0.625,-0.447],[0,-0.558],[-0.155,-0.232],[-0.289,-0.237],[-1.034,0.017],[-0.717,0.32],[0.014,0.364],[0.627,0.58],[1.149,0]],"o":[[-0.626,0.447],[0,0.064],[0.148,0.221],[0.579,0.474],[1.195,-0.019],[0.739,-0.33],[-0.017,-0.442],[-0.618,-0.571],[-1.176,0]],"v":[[-2.718,-1.438],[-3.66,0.145],[-3.455,0.605],[-2.796,1.315],[-0.347,2.173],[2.597,1.626],[3.634,0.533],[2.675,-1.172],[0.01,-2.192]],"c":true},"ix":2},"nm":"Path 1","mn":"ADBE Vector Shape - Group","hd":false},{"ind":1,"ty":"sh","ix":2,"ks":{"a":0,"k":{"i":[[-0.725,0.518],[-1.262,0],[-0.7,-0.648],[-0.024,-0.612],[0.777,-0.347],[1.242,-0.02],[0.653,0.534],[0.176,0.265],[0,0.216]],"o":[[0.726,-0.518],[1.289,0],[0.691,0.64],[0.026,0.69],[-0.797,0.355],[-1.175,0.02],[-0.326,-0.267],[-0.169,-0.252],[0,-0.754]],"v":[[-3.011,-1.842],[0.01,-2.69],[3.017,-1.536],[4.136,0.514],[2.803,2.08],[-0.339,2.67],[-3.115,1.699],[-3.873,0.879],[-4.162,0.145]],"c":true},"ix":2},"nm":"Path 2","mn":"ADBE Vector Shape - Group","hd":false},{"ty":"mm","mm":1,"nm":"Merge Paths 1","mn":"ADBE Vector Filter - Merge","hd":false},{"ty":"fl","c":{"a":0,"k":[0.481999984442,0.481999984442,0.481999984442,1],"ix":4},"o":{"a":0,"k":100,"ix":5},"r":1,"bm":0,"nm":"Fill 1","mn":"ADBE Vector Graphic - Fill","hd":false},{"ty":"tr","p":{"a":0,"k":[29.027,39.812],"ix":2},"a":{"a":0,"k":[0,0],"ix":1},"s":{"a":0,"k":[100,100],"ix":3},"r":{"a":0,"k":0,"ix":6},"o":{"a":0,"k":100,"ix":7},"sk":{"a":0,"k":0,"ix":4},"sa":{"a":0,"k":0,"ix":5},"nm":"Transform"}],"nm":"Group 13","np":6,"cix":2,"bm":0,"ix":13,"mn":"ADBE Vector Group","hd":false},{"ty":"gr","it":[{"ind":0,"ty":"sh","ix":1,"ks":{"a":0,"k":{"i":[[2.514,2.661],[4.324,-0.073],[2.191,-3.31],[-0.51,-4.93],[-2.018,-3.417],[-4.064,0.093],[-2.354,3.738],[-0.199,5.503]],"o":[[-2.512,-2.659],[-4.251,0.072],[-2.199,3.321],[0.507,4.897],[2.004,3.394],[4.564,-0.105],[2.364,-3.755],[0.198,-5.464]],"v":[[9.774,-14.435],[-0.701,-18.359],[-10.508,-12.878],[-13.216,-0.076],[-9.577,12.919],[-0.643,18.333],[9.7,12.117],[13.535,-2.262]],"c":true},"ix":2},"nm":"Path 1","mn":"ADBE Vector Shape - Group","hd":false},{"ind":1,"ty":"sh","ix":2,"ks":{"a":0,"k":{"i":[[-2.745,-2.905],[0.205,-5.652],[2.487,-3.948],[4.967,-0.115],[2.137,3.619],[0.513,4.954],[-2.347,3.546],[-4.617,0.078]],"o":[[2.743,2.904],[-0.204,5.613],[-2.496,3.965],[-4.521,0.103],[-2.123,-3.596],[-0.529,-5.114],[2.355,-3.556],[4.545,-0.077]],"v":[[10.507,-15.115],[14.539,-2.226],[10.551,12.643],[-0.62,19.327],[-10.444,13.421],[-14.215,0.025],[-11.348,-13.424],[-0.718,-19.354]],"c":true},"ix":2},"nm":"Path 2","mn":"ADBE Vector Shape - Group","hd":false},{"ty":"mm","mm":1,"nm":"Merge Paths 1","mn":"ADBE Vector Filter - Merge","hd":false},{"ty":"fl","c":{"a":0,"k":[0.481999984442,0.481999984442,0.481999984442,1],"ix":4},"o":{"a":0,"k":100,"ix":5},"r":1,"bm":0,"nm":"Fill 1","mn":"ADBE Vector Graphic - Fill","hd":false},{"ty":"tr","p":{"a":0,"k":[36.091,38.803],"ix":2},"a":{"a":0,"k":[0,0],"ix":1},"s":{"a":0,"k":[100,100],"ix":3},"r":{"a":0,"k":0,"ix":6},"o":{"a":0,"k":100,"ix":7},"sk":{"a":0,"k":0,"ix":4},"sa":{"a":0,"k":0,"ix":5},"nm":"Transform"}],"nm":"Group 14","np":6,"cix":2,"bm":0,"ix":14,"mn":"ADBE Vector Group","hd":false},{"ty":"gr","it":[{"ind":0,"ty":"sh","ix":1,"ks":{"a":0,"k":{"i":[[0,0],[0.061,-0.242],[0,0],[0,0],[0,0],[-0.011,-0.003],[-0.043,-0.013],[-0.148,-0.053],[-0.391,-0.224],[0.014,-0.922],[0.559,-0.658],[1.584,0],[0,0],[-0.677,0.796],[-0.018,1.089],[0.835,0.478],[0.317,0.112],[0.094,0.027],[0.025,0.007],[0.007,0.002],[0,0],[0,0]],"o":[[0,0],[0,0],[0,0],[0,0],[0.006,0.001],[0.023,0.007],[0.085,0.025],[0.298,0.105],[0.798,0.457],[-0.017,1.043],[-0.55,0.649],[0,0],[1.679,0],[0.668,-0.787],[0.019,-1.209],[-0.425,-0.243],[-0.159,-0.056],[-0.047,-0.014],[-0.013,-0.004],[0,0],[0,0],[0,0]],"v":[[-1.27,-3.69],[-1.331,-3.448],[-1.391,-3.207],[-1.39,-3.207],[-1.384,-3.205],[-1.359,-3.199],[-1.26,-3.171],[-0.903,-3.055],[0.18,-2.565],[1.666,-0.518],[0.883,2.103],[-2.187,3.192],[-2.187,3.69],[1.268,2.424],[2.168,-0.51],[0.431,-2.996],[-0.734,-3.524],[-1.119,-3.648],[-1.228,-3.679],[-1.258,-3.687],[-1.267,-3.689],[-1.269,-3.69]],"c":true},"ix":2},"nm":"Path 1","mn":"ADBE Vector Shape - Group","hd":false},{"ty":"fl","c":{"a":0,"k":[0.481999984442,0.481999984442,0.481999984442,1],"ix":4},"o":{"a":0,"k":100,"ix":5},"r":1,"bm":0,"nm":"Fill 1","mn":"ADBE Vector Graphic - Fill","hd":false},{"ty":"tr","p":{"a":0,"k":[51.512,39.604],"ix":2},"a":{"a":0,"k":[0,0],"ix":1},"s":{"a":0,"k":[100,100],"ix":3},"r":{"a":0,"k":0,"ix":6},"o":{"a":0,"k":100,"ix":7},"sk":{"a":0,"k":0,"ix":4},"sa":{"a":0,"k":0,"ix":5},"nm":"Transform"}],"nm":"Group 15","np":4,"cix":2,"bm":0,"ix":15,"mn":"ADBE Vector Group","hd":false},{"ty":"gr","it":[{"ind":0,"ty":"sh","ix":1,"ks":{"a":0,"k":{"i":[[0,0],[-0.001,-0.249],[0,0],[0,0],[0,0],[0.011,-0.001],[0.044,-0.004],[0.154,-0.024],[0.404,-0.186],[0.288,-0.399],[-0.009,-0.738],[-0.768,-0.494],[-0.698,0],[0,0],[0.896,0.577],[0.02,1.654],[-0.353,0.49],[-0.459,0.211],[-0.339,0.052],[-0.101,0.007],[-0.028,0.001],[-0.008,0],[0,0],[0,0]],"o":[[0,0],[0,0],[0,0],[0,0],[-0.006,0],[-0.023,0],[-0.089,0.006],[-0.31,0.048],[-0.402,0.185],[-0.286,0.396],[0.018,1.492],[0.784,0.505],[0,0],[-0.751,0],[-0.912,-0.587],[-0.009,-0.835],[0.352,-0.487],[0.458,-0.21],[0.171,-0.027],[0.051,-0.003],[0.014,0],[0,0],[0,0],[0,0]],"v":[[1.508,-3.694],[1.508,-3.445],[1.51,-3.196],[1.508,-3.196],[1.503,-3.196],[1.479,-3.195],[1.378,-3.19],[1.007,-3.149],[-0.116,-2.821],[-1.197,-1.965],[-1.671,-0.293],[-0.262,2.548],[2.182,3.196],[2.182,3.694],[-0.536,2.965],[-2.173,-0.287],[-1.605,-2.255],[-0.326,-3.273],[0.928,-3.64],[1.342,-3.687],[1.462,-3.693],[1.495,-3.694],[1.503,-3.694],[1.507,-3.694]],"c":true},"ix":2},"nm":"Path 1","mn":"ADBE Vector Shape - Group","hd":false},{"ty":"fl","c":{"a":0,"k":[0.481999984442,0.481999984442,0.481999984442,1],"ix":4},"o":{"a":0,"k":100,"ix":5},"r":1,"bm":0,"nm":"Fill 1","mn":"ADBE Vector Graphic - Fill","hd":false},{"ty":"tr","p":{"a":0,"k":[20.472,40.411],"ix":2},"a":{"a":0,"k":[0,0],"ix":1},"s":{"a":0,"k":[100,100],"ix":3},"r":{"a":0,"k":0,"ix":6},"o":{"a":0,"k":100,"ix":7},"sk":{"a":0,"k":0,"ix":4},"sa":{"a":0,"k":0,"ix":5},"nm":"Transform"}],"nm":"Group 16","np":4,"cix":2,"bm":0,"ix":16,"mn":"ADBE Vector Group","hd":false},{"ty":"gr","it":[{"ind":0,"ty":"sh","ix":1,"ks":{"a":0,"k":{"i":[[-0.403,11.116],[8.868,-0.15],[-1.04,-10.046],[-8.585,0.198]],"o":[[0.403,-11.116],[-8.868,0.15],[1.02,9.85],[9.531,-0.219]],"v":[[14.195,-2.255],[-0.551,-18.867],[-13.557,-0.036],[-0.474,18.818]],"c":true},"ix":2},"nm":"Path 1","mn":"ADBE Vector Shape - Group","hd":false},{"ty":"fl","c":{"a":0,"k":[1,1,1,1],"ix":4},"o":{"a":0,"k":100,"ix":5},"r":1,"bm":0,"nm":"Fill 1","mn":"ADBE Vector Graphic - Fill","hd":false},{"ty":"tr","p":{"a":0,"k":[35.933,38.813],"ix":2},"a":{"a":0,"k":[0,0],"ix":1},"s":{"a":0,"k":[100,100],"ix":3},"r":{"a":0,"k":0,"ix":6},"o":{"a":0,"k":100,"ix":7},"sk":{"a":0,"k":0,"ix":4},"sa":{"a":0,"k":0,"ix":5},"nm":"Transform"}],"nm":"Group 17","np":4,"cix":2,"bm":0,"ix":17,"mn":"ADBE Vector Group","hd":false},{"ty":"gr","it":[{"ind":0,"ty":"sh","ix":1,"ks":{"a":0,"k":{"i":[[0,0],[0.034,-2.132],[3.262,0]],"o":[[0,0],[-0.034,2.131],[0,0]],"v":[[-1.212,-3.445],[2.035,-0.51],[-2.068,3.445]],"c":false},"ix":2},"nm":"Path 1","mn":"ADBE Vector Shape - Group","hd":false},{"ty":"fl","c":{"a":0,"k":[1,1,1,1],"ix":4},"o":{"a":0,"k":100,"ix":5},"r":1,"bm":0,"nm":"Fill 1","mn":"ADBE Vector Graphic - Fill","hd":false},{"ty":"tr","p":{"a":0,"k":[51.394,39.6],"ix":2},"a":{"a":0,"k":[0,0],"ix":1},"s":{"a":0,"k":[100,100],"ix":3},"r":{"a":0,"k":0,"ix":6},"o":{"a":0,"k":100,"ix":7},"sk":{"a":0,"k":0,"ix":4},"sa":{"a":0,"k":0,"ix":5},"nm":"Transform"}],"nm":"Group 18","np":4,"cix":2,"bm":0,"ix":18,"mn":"ADBE Vector Group","hd":false},{"ty":"gr","it":[{"ind":0,"ty":"sh","ix":1,"ks":{"a":0,"k":{"i":[[0,0],[-0.037,-3.145],[-1.449,0]],"o":[[0,0],[0.038,3.146],[0,0]],"v":[[1.397,-3.445],[-2.033,-0.29],[2.07,3.445]],"c":false},"ix":2},"nm":"Path 1","mn":"ADBE Vector Shape - Group","hd":false},{"ty":"fl","c":{"a":0,"k":[1,1,1,1],"ix":4},"o":{"a":0,"k":100,"ix":5},"r":1,"bm":0,"nm":"Fill 1","mn":"ADBE Vector Graphic - Fill","hd":false},{"ty":"tr","p":{"a":0,"k":[20.584,40.411],"ix":2},"a":{"a":0,"k":[0,0],"ix":1},"s":{"a":0,"k":[100,100],"ix":3},"r":{"a":0,"k":0,"ix":6},"o":{"a":0,"k":100,"ix":7},"sk":{"a":0,"k":0,"ix":4},"sa":{"a":0,"k":0,"ix":5},"nm":"Transform"}],"nm":"Group 19","np":4,"cix":2,"bm":0,"ix":19,"mn":"ADBE Vector Group","hd":false},{"ty":"gr","it":[{"ind":0,"ty":"sh","ix":1,"ks":{"a":0,"k":{"i":[[0,0],[0,0],[-0.065,-0.12],[-0.242,-0.343],[-0.704,-0.241],[-1.304,-0.02],[-0.986,0.654],[-0.395,0.564],[-0.081,0.162],[-0.017,0.039],[0,0],[0,0]],"o":[[0,0],[0.034,0.067],[0.132,0.241],[0.5,0.708],[0.815,0.279],[1.311,0.02],[1.047,-0.694],[0.197,-0.282],[0.033,-0.066],[0,0],[0,0],[0,0]],"v":[[-6.063,1.371],[-6.061,1.376],[-5.913,1.662],[-5.346,2.573],[-3.493,4.207],[-0.126,4.773],[3.476,3.908],[5.577,1.904],[5.986,1.223],[6.061,1.064],[5.928,-4.741],[-6.031,-4.098]],"c":true},"ix":2},"nm":"Path 1","mn":"ADBE Vector Shape - Group","hd":false},{"ind":1,"ty":"sh","ix":2,"ks":{"a":0,"k":{"i":[[0,0],[0,0],[0,0],[0,0],[0,0],[0,0],[0,0],[0,0],[0,0],[0.003,-0.007],[0.012,-0.029],[0.05,-0.102],[0.228,-0.327],[1.163,-0.772],[1.412,0.022],[0.908,0.311],[0.523,0.742],[0.145,0.265],[0.038,0.078],[0.01,0.021],[0,0],[0,0],[0,0],[0,0],[-0.458,0.204],[0,0],[0,0],[0,0]],"o":[[0,0],[0,0],[0,0],[0,0],[0,0],[0,0],[0,0],[0,0],[-0.002,0.005],[-0.007,0.018],[-0.025,0.058],[-0.1,0.202],[-0.458,0.653],[-1.225,0.813],[-1.419,-0.022],[-1.02,-0.349],[-0.269,-0.381],[-0.073,-0.133],[-0.019,-0.039],[0,0],[0,0],[0,0],[0,0],[0,0],[0,0],[0,0],[0,0],[0,0]],"v":[[6.909,-5.79],[7.068,1.233],[7.038,1.318],[6.564,1.154],[7.038,1.318],[7.038,1.319],[7.038,1.32],[7.038,1.323],[7.035,1.33],[7.027,1.35],[6.999,1.421],[6.887,1.663],[6.402,2.472],[4.035,4.735],[-0.141,5.768],[-3.822,5.147],[-6.169,3.143],[-6.796,2.135],[-6.962,1.814],[-7.007,1.723],[-7.018,1.697],[-7.021,1.69],[-7.023,1.688],[-7.023,1.687],[-6.566,1.482],[-7.023,1.686],[-7.068,1.588],[-7.029,-5.04]],"c":true},"ix":2},"nm":"Path 2","mn":"ADBE Vector Shape - Group","hd":false},{"ty":"mm","mm":1,"nm":"Merge Paths 1","mn":"ADBE Vector Filter - Merge","hd":false},{"ty":"fl","c":{"a":0,"k":[0.481999984442,0.481999984442,0.481999984442,1],"ix":4},"o":{"a":0,"k":100,"ix":5},"r":1,"bm":0,"nm":"Fill 1","mn":"ADBE Vector Graphic - Fill","hd":false},{"ty":"tr","p":{"a":0,"k":[36.196,60.469],"ix":2},"a":{"a":0,"k":[0,0],"ix":1},"s":{"a":0,"k":[100,100],"ix":3},"r":{"a":0,"k":0,"ix":6},"o":{"a":0,"k":100,"ix":7},"sk":{"a":0,"k":0,"ix":4},"sa":{"a":0,"k":0,"ix":5},"nm":"Transform"}],"nm":"Group 20","np":6,"cix":2,"bm":0,"ix":20,"mn":"ADBE Vector Group","hd":false},{"ty":"gr","it":[{"ind":0,"ty":"sh","ix":1,"ks":{"a":0,"k":{"i":[[0,0],[0,0],[-1.724,-0.59],[-2.21,1.467],[0,0],[0,0]],"o":[[0,0],[0,0],[1.723,0.59],[2.211,-1.467],[0,0],[0,0]],"v":[[-6.529,-4.831],[-6.566,1.221],[-3.657,4.415],[3.756,4.06],[6.566,0.893],[6.419,-5.527]],"c":true},"ix":2},"nm":"Path 1","mn":"ADBE Vector Shape - Group","hd":false},{"ty":"fl","c":{"a":0,"k":[1,1,1,1],"ix":4},"o":{"a":0,"k":100,"ix":5},"r":1,"bm":0,"nm":"Fill 1","mn":"ADBE Vector Graphic - Fill","hd":false},{"ty":"tr","p":{"a":0,"k":[36.195,60.73],"ix":2},"a":{"a":0,"k":[0,0],"ix":1},"s":{"a":0,"k":[100,100],"ix":3},"r":{"a":0,"k":0,"ix":6},"o":{"a":0,"k":100,"ix":7},"sk":{"a":0,"k":0,"ix":4},"sa":{"a":0,"k":0,"ix":5},"nm":"Transform"}],"nm":"Group 21","np":4,"cix":2,"bm":0,"ix":21,"mn":"ADBE Vector Group","hd":false},{"ty":"gr","it":[{"ind":0,"ty":"sh","ix":1,"ks":{"a":0,"k":{"i":[[0,0],[0,-0.707],[-0.711,0],[0,0],[0,0.708],[0.71,0]],"o":[[-0.711,0],[0,0.708],[0,0],[0.71,0],[0,-0.707],[0,0]],"v":[[11.589,22.969],[10.302,24.251],[11.589,25.533],[47.255,25.533],[48.541,24.251],[47.255,22.969]],"c":true},"ix":2},"nm":"Path 1","mn":"ADBE Vector Shape - Group","hd":false},{"ind":1,"ty":"sh","ix":2,"ks":{"a":0,"k":{"i":[[0,0.708],[-0.711,0],[0,0],[0,-0.708],[0.71,0],[0,0]],"o":[[0,-0.708],[0,0],[0.71,0],[0,0.708],[0,0],[-0.711,0]],"v":[[10.302,12.839],[11.589,11.557],[47.255,11.557],[48.541,12.839],[47.255,14.119],[11.589,14.119]],"c":true},"ix":2},"nm":"Path 2","mn":"ADBE Vector Shape - Group","hd":false},{"ind":2,"ty":"sh","ix":3,"ks":{"a":0,"k":{"i":[[0,0],[0,-0.707],[-0.711,0],[0,0],[0,0.708],[0.71,0]],"o":[[-0.711,0],[0,0.708],[0,0],[0.71,0],[0,-0.707],[0,0]],"v":[[11.589,0.146],[10.302,1.426],[11.589,2.708],[47.255,2.708],[48.541,1.426],[47.255,0.146]],"c":true},"ix":2},"nm":"Path 3","mn":"ADBE Vector Shape - Group","hd":false},{"ind":3,"ty":"sh","ix":4,"ks":{"a":0,"k":{"i":[[0,0.708],[-0.711,0],[0,0],[0,-0.707],[0.71,0],[0,0]],"o":[[0,-0.707],[0,0],[0.71,0],[0,0.708],[0,0],[-0.711,0]],"v":[[10.302,-9.987],[11.589,-11.268],[47.255,-11.268],[48.541,-9.987],[47.255,-8.704],[11.589,-8.704]],"c":true},"ix":2},"nm":"Path 4","mn":"ADBE Vector Shape - Group","hd":false},{"ind":4,"ty":"sh","ix":5,"ks":{"a":0,"k":{"i":[[0,0],[0,-0.707],[-0.71,0],[0,0],[0,0.708],[0.711,0]],"o":[[-0.71,0],[0,0.708],[0,0],[0.711,0],[0,-0.707],[0,0]],"v":[[-21.423,-25.533],[-22.709,-24.251],[-21.423,-22.969],[14.243,-22.969],[15.529,-24.251],[14.243,-25.533]],"c":true},"ix":2},"nm":"Path 5","mn":"ADBE Vector Shape - Group","hd":false},{"ind":5,"ty":"sh","ix":6,"ks":{"a":0,"k":{"i":[[0,0],[0,-0.707],[-0.71,0],[0,0],[0,0.708],[0.71,0]],"o":[[-0.71,0],[0,0.708],[0,0],[0.71,0],[0,-0.707],[0,0]],"v":[[-47.255,-25.533],[-48.541,-24.251],[-47.255,-22.969],[-26.164,-22.969],[-24.878,-24.251],[-26.164,-25.533]],"c":true},"ix":2},"nm":"Path 6","mn":"ADBE Vector Shape - Group","hd":false},{"ty":"mm","mm":1,"nm":"Merge Paths 1","mn":"ADBE Vector Filter - Merge","hd":false},{"ty":"mm","mm":2,"nm":"Merge Paths 2","mn":"ADBE Vector Filter - Merge","hd":false},{"ty":"fl","c":{"a":0,"k":[0.481999984442,0.481999984442,0.481999984442,1],"ix":4},"o":{"a":0,"k":100,"ix":5},"r":1,"bm":0,"nm":"Fill 1","mn":"ADBE Vector Graphic - Fill","hd":false},{"ty":"tr","p":{"a":0,"k":[58.659,35.519],"ix":2},"a":{"a":0,"k":[0,0],"ix":1},"s":{"a":0,"k":[100,100],"ix":3},"r":{"a":0,"k":0,"ix":6},"o":{"a":0,"k":100,"ix":7},"sk":{"a":0,"k":0,"ix":4},"sa":{"a":0,"k":0,"ix":5},"nm":"Transform"}],"nm":"Group 22","np":10,"cix":2,"bm":0,"ix":22,"mn":"ADBE Vector Group","hd":false},{"ty":"gr","it":[{"ty":"rc","d":1,"s":{"a":0,"k":[119.583,75.957],"ix":2},"p":{"a":0,"k":[0,0],"ix":3},"r":{"a":0,"k":2,"ix":4},"nm":"Rectangle Path 1","mn":"ADBE Vector Shape - Rect","hd":false},{"ty":"st","c":{"a":0,"k":[0.482352972031,0.482352972031,0.482352972031,1],"ix":3},"o":{"a":0,"k":100,"ix":4},"w":{"a":0,"k":3,"ix":5},"lc":1,"lj":1,"ml":4,"bm":0,"nm":"Stroke 1","mn":"ADBE Vector Graphic - Stroke","hd":false},{"ty":"fl","c":{"a":0,"k":[1,1,1,1],"ix":4},"o":{"a":0,"k":100,"ix":5},"r":1,"bm":0,"nm":"Fill 1","mn":"ADBE Vector Graphic - Fill","hd":false},{"ty":"tr","p":{"a":0,"k":[60.865,39.125],"ix":2},"a":{"a":0,"k":[0,0],"ix":1},"s":{"a":0,"k":[100,100],"ix":3},"r":{"a":0,"k":0,"ix":6},"o":{"a":0,"k":100,"ix":7},"sk":{"a":0,"k":0,"ix":4},"sa":{"a":0,"k":0,"ix":5},"nm":"Transform"}],"nm":"Rectangle 1","np":3,"cix":2,"bm":0,"ix":25,"mn":"ADBE Vector Group","hd":false}],"ip":21,"op":240,"st":0,"bm":0}],"markers":[]}