{"v":"5.6.5","fr":30,"ip":0,"op":157,"w":90,"h":90,"nm":"take selfie btn","ddd":0,"assets":[],"layers":[{"ddd":0,"ind":1,"ty":4,"nm":"highlightedState","sr":1,"ks":{"o":{"a":0,"k":100,"ix":11},"r":{"a":0,"k":0,"ix":10},"p":{"a":0,"k":[3.419,2.828,0],"ix":2},"a":{"a":0,"k":[0,0,0],"ix":1},"s":{"a":0,"k":[118.794,118.794,100],"ix":6}},"ao":0,"shapes":[{"ty":"gr","it":[{"ind":0,"ty":"sh","ix":1,"ks":{"a":0,"k":{"i":[[-3.59,0],[0,3.59],[3.59,0],[0,-3.59]],"o":[[3.59,0],[0,-3.59],[-3.59,0],[0,3.59]],"v":[[0.497,7.5],[6.997,1],[0.497,-5.5],[-6.003,1]],"c":true},"ix":2},"nm":"Path 1","mn":"ADBE Vector Shape - Group","hd":false},{"ind":1,"ty":"sh","ix":2,"ks":{"a":0,"k":{"i":[[0,-3.038],[3.038,0],[0,3.038],[-3.038,0]],"o":[[0,3.038],[-3.038,0],[0,-3.038],[3.038,0]],"v":[[5.997,1],[0.497,6.5],[-5.003,1],[0.497,-4.5]],"c":true},"ix":2},"nm":"Path 2","mn":"ADBE Vector Shape - Group","hd":false},{"ind":2,"ty":"sh","ix":3,"ks":{"a":0,"k":{"i":[[0,-0.691],[-0.691,0],[0,0.685],[0.686,0]],"o":[[0,0.685],[0.686,0],[0,-0.685],[-0.686,0]],"v":[[8.751,-3.747],[9.999,-2.499],[11.247,-3.747],[9.999,-4.995]],"c":true},"ix":2},"nm":"Path 3","mn":"ADBE Vector Shape - Group","hd":false},{"ind":3,"ty":"sh","ix":4,"ks":{"a":0,"k":{"i":[[-0.504,0],[0,0],[-0.006,-1.382],[0,0],[1.377,0],[0,0],[0,1.377],[0,0],[-1.383,0],[0,0],[-0.357,0.351],[0,0],[-0.838,0],[0,0],[-0.586,-0.586],[0,0]],"o":[[0,0],[1.383,0],[0,0],[0,1.383],[0,0],[-1.383,0],[0,0],[0,-1.382],[0,0],[0.498,0],[0,0],[0.586,-0.586],[0,0],[0.838,0],[0,0],[0.352,0.358]],"v":[[8.528,-8.75],[12.495,-8.75],[15.003,-6.249],[15.003,9.998],[12.501,12.5],[-12.501,12.5],[-15.003,9.998],[-15.003,-6.249],[-12.501,-8.75],[-8.534,-8.75],[-7.21,-9.301],[-4.925,-11.586],[-2.716,-12.5],[2.71,-12.5],[4.919,-11.586],[7.204,-9.301]],"c":true},"ix":2},"nm":"Path 4","mn":"ADBE Vector Shape - Group","hd":false},{"ty":"mm","mm":1,"nm":"Merge Paths 1","mn":"ADBE Vector Filter - Merge","hd":false},{"ty":"fl","c":{"a":0,"k":[1,1,1,1],"ix":4},"o":{"a":0,"k":100,"ix":5},"r":1,"bm":0,"nm":"Fill 1","mn":"ADBE Vector Graphic - Fill","hd":false},{"ty":"tr","p":{"a":0,"k":[35.003,35.5],"ix":2},"a":{"a":0,"k":[0,0],"ix":1},"s":{"a":0,"k":[100,100],"ix":3},"r":{"a":0,"k":0,"ix":6},"o":{"a":0,"k":100,"ix":7},"sk":{"a":0,"k":0,"ix":4},"sa":{"a":0,"k":0,"ix":5},"nm":"Transform"}],"nm":"Group 1","np":6,"cix":2,"bm":0,"ix":1,"mn":"ADBE Vector Group","hd":false},{"ty":"gr","it":[{"ind":0,"ty":"sh","ix":1,"ks":{"a":0,"k":{"i":[[-19.33,0],[0,-19.33],[19.33,0],[0,19.33]],"o":[[19.33,0],[0,19.33],[-19.33,0],[0,-19.33]],"v":[[0,-35],[35,0],[0,35],[-35,0]],"c":true},"ix":2},"nm":"Path 1","mn":"ADBE Vector Shape - Group","hd":false},{"ty":"fl","c":{"a":0,"k":[0.969000004787,0.39199999641,0.097999999102,1],"ix":4},"o":{"a":0,"k":100,"ix":5},"r":1,"bm":0,"nm":"Fill 1","mn":"ADBE Vector Graphic - Fill","hd":false},{"ty":"tr","p":{"a":0,"k":[35,35],"ix":2},"a":{"a":0,"k":[0,0],"ix":1},"s":{"a":0,"k":[100,100],"ix":3},"r":{"a":0,"k":0,"ix":6},"o":{"a":0,"k":100,"ix":7},"sk":{"a":0,"k":0,"ix":4},"sa":{"a":0,"k":0,"ix":5},"nm":"Transform"}],"nm":"Group 2","np":2,"cix":2,"bm":0,"ix":2,"mn":"ADBE Vector Group","hd":false}],"ip":0,"op":157,"st":-7,"bm":0},{"ddd":0,"ind":2,"ty":4,"nm":"disabledState","sr":1,"ks":{"o":{"a":0,"k":30,"ix":11},"r":{"a":0,"k":0,"ix":10},"p":{"a":0,"k":[3.419,2.828,0],"ix":2},"a":{"a":0,"k":[0,0,0],"ix":1},"s":{"a":0,"k":[118.794,118.794,100],"ix":6}},"ao":0,"shapes":[{"ty":"gr","it":[{"ind":0,"ty":"sh","ix":1,"ks":{"a":0,"k":{"i":[[-3.59,0],[0,3.59],[3.59,0],[0,-3.59]],"o":[[3.59,0],[0,-3.59],[-3.59,0],[0,3.59]],"v":[[0.497,7.5],[6.997,1],[0.497,-5.5],[-6.003,1]],"c":true},"ix":2},"nm":"Path 1","mn":"ADBE Vector Shape - Group","hd":false},{"ind":1,"ty":"sh","ix":2,"ks":{"a":0,"k":{"i":[[0,-3.038],[3.038,0],[0,3.038],[-3.038,0]],"o":[[0,3.038],[-3.038,0],[0,-3.038],[3.038,0]],"v":[[5.997,1],[0.497,6.5],[-5.003,1],[0.497,-4.5]],"c":true},"ix":2},"nm":"Path 2","mn":"ADBE Vector Shape - Group","hd":false},{"ind":2,"ty":"sh","ix":3,"ks":{"a":0,"k":{"i":[[0,-0.691],[-0.691,0],[0,0.685],[0.686,0]],"o":[[0,0.685],[0.686,0],[0,-0.685],[-0.686,0]],"v":[[8.751,-3.747],[9.999,-2.499],[11.247,-3.747],[9.999,-4.995]],"c":true},"ix":2},"nm":"Path 3","mn":"ADBE Vector Shape - Group","hd":false},{"ind":3,"ty":"sh","ix":4,"ks":{"a":0,"k":{"i":[[-0.504,0],[0,0],[-0.006,-1.382],[0,0],[1.377,0],[0,0],[0,1.377],[0,0],[-1.383,0],[0,0],[-0.357,0.351],[0,0],[-0.838,0],[0,0],[-0.586,-0.586],[0,0]],"o":[[0,0],[1.383,0],[0,0],[0,1.383],[0,0],[-1.383,0],[0,0],[0,-1.382],[0,0],[0.498,0],[0,0],[0.586,-0.586],[0,0],[0.838,0],[0,0],[0.352,0.358]],"v":[[8.528,-8.75],[12.495,-8.75],[15.003,-6.249],[15.003,9.998],[12.501,12.5],[-12.501,12.5],[-15.003,9.998],[-15.003,-6.249],[-12.501,-8.75],[-8.534,-8.75],[-7.21,-9.301],[-4.925,-11.586],[-2.716,-12.5],[2.71,-12.5],[4.919,-11.586],[7.204,-9.301]],"c":true},"ix":2},"nm":"Path 4","mn":"ADBE Vector Shape - Group","hd":false},{"ty":"mm","mm":1,"nm":"Merge Paths 1","mn":"ADBE Vector Filter - Merge","hd":false},{"ty":"fl","c":{"a":0,"k":[1,1,1,1],"ix":4},"o":{"a":0,"k":100,"ix":5},"r":1,"bm":0,"nm":"Fill 1","mn":"ADBE Vector Graphic - Fill","hd":false},{"ty":"tr","p":{"a":0,"k":[35.003,35.5],"ix":2},"a":{"a":0,"k":[0,0],"ix":1},"s":{"a":0,"k":[100,100],"ix":3},"r":{"a":0,"k":0,"ix":6},"o":{"a":0,"k":100,"ix":7},"sk":{"a":0,"k":0,"ix":4},"sa":{"a":0,"k":0,"ix":5},"nm":"Transform"}],"nm":"Group 1","np":6,"cix":2,"bm":0,"ix":1,"mn":"ADBE Vector Group","hd":false},{"ty":"gr","it":[{"ind":0,"ty":"sh","ix":1,"ks":{"a":0,"k":{"i":[[-19.33,0],[0,-19.33],[19.33,0],[0,19.33]],"o":[[19.33,0],[0,19.33],[-19.33,0],[0,-19.33]],"v":[[0,-35],[35,0],[0,35],[-35,0]],"c":true},"ix":2},"nm":"Path 1","mn":"ADBE Vector Shape - Group","hd":false},{"ty":"fl","c":{"a":0,"k":[0.969000004787,0.39199999641,0.097999999102,1],"ix":4},"o":{"a":0,"k":100,"ix":5},"r":1,"bm":0,"nm":"Fill 1","mn":"ADBE Vector Graphic - Fill","hd":false},{"ty":"tr","p":{"a":0,"k":[35,35],"ix":2},"a":{"a":0,"k":[0,0],"ix":1},"s":{"a":0,"k":[100,100],"ix":3},"r":{"a":0,"k":0,"ix":6},"o":{"a":0,"k":100,"ix":7},"sk":{"a":0,"k":0,"ix":4},"sa":{"a":0,"k":0,"ix":5},"nm":"Transform"}],"nm":"Group 2","np":2,"cix":2,"bm":0,"ix":2,"mn":"ADBE Vector Group","hd":false}],"ip":0,"op":157,"st":0,"bm":0},{"ddd":0,"ind":3,"ty":4,"nm":"normalState","sr":1,"ks":{"o":{"a":0,"k":100,"ix":11},"r":{"a":0,"k":0,"ix":10},"p":{"a":0,"k":[4.779,5.493,0],"ix":2},"a":{"a":0,"k":[0,0,0],"ix":1},"s":{"a":0,"k":[118.794,118.794,100],"ix":6}},"ao":0,"shapes":[{"ty":"gr","it":[{"d":1,"ty":"el","s":{"a":0,"k":[12.301,12.301],"ix":2},"p":{"a":0,"k":[0,0],"ix":3},"nm":"Ellipse Path 1","mn":"ADBE Vector Shape - Ellipse","hd":false},{"ty":"st","c":{"a":0,"k":[1,1,1,1],"ix":3},"o":{"a":0,"k":100,"ix":4},"w":{"a":0,"k":9,"ix":5},"lc":1,"lj":1,"ml":4,"bm":0,"nm":"Stroke 1","mn":"ADBE Vector Graphic - Stroke","hd":false},{"ty":"fl","c":{"a":0,"k":[1,1,1,1],"ix":4},"o":{"a":0,"k":100,"ix":5},"r":1,"bm":0,"nm":"Fill 1","mn":"ADBE Vector Graphic - Fill","hd":false},{"ty":"tr","p":{"a":0,"k":[33.858,33.257],"ix":2},"a":{"a":0,"k":[0,0],"ix":1},"s":{"a":1,"k":[{"i":{"x":[0.667,0.667],"y":[1,1]},"o":{"x":[0.333,0.333],"y":[0,0]},"t":7,"s":[39.65,39.65]},{"i":{"x":[0.833,0.833],"y":[1,1]},"o":{"x":[0.333,0.333],"y":[0,0]},"t":28,"s":[335.65,335.65]},{"t":46,"s":[14.65,14.65]}],"ix":3},"r":{"a":0,"k":0,"ix":6},"o":{"a":1,"k":[{"i":{"x":[0.667],"y":[1]},"o":{"x":[0.333],"y":[0]},"t":0,"s":[0]},{"i":{"x":[0.667],"y":[1]},"o":{"x":[0.333],"y":[0]},"t":7,"s":[100]},{"t":28,"s":[100]}],"ix":7},"sk":{"a":0,"k":0,"ix":4},"sa":{"a":0,"k":0,"ix":5},"nm":"Transform"}],"nm":"Ellipse 1","np":3,"cix":2,"bm":0,"ix":1,"mn":"ADBE Vector Group","hd":false},{"ty":"gr","it":[{"ind":0,"ty":"sh","ix":1,"ks":{"a":0,"k":{"i":[[-3.59,0],[0,3.59],[3.59,0],[0,-3.59]],"o":[[3.59,0],[0,-3.59],[-3.59,0],[0,3.59]],"v":[[0.497,7.5],[6.997,1],[0.497,-5.5],[-6.003,1]],"c":true},"ix":2},"nm":"Path 1","mn":"ADBE Vector Shape - Group","hd":false},{"ind":1,"ty":"sh","ix":2,"ks":{"a":0,"k":{"i":[[0,-3.038],[3.038,0],[0,3.038],[-3.038,0]],"o":[[0,3.038],[-3.038,0],[0,-3.038],[3.038,0]],"v":[[5.997,1],[0.497,6.5],[-5.003,1],[0.497,-4.5]],"c":true},"ix":2},"nm":"Path 2","mn":"ADBE Vector Shape - Group","hd":false},{"ind":2,"ty":"sh","ix":3,"ks":{"a":0,"k":{"i":[[0,-0.691],[-0.691,0],[0,0.685],[0.686,0]],"o":[[0,0.685],[0.686,0],[0,-0.685],[-0.686,0]],"v":[[8.751,-3.747],[9.999,-2.499],[11.247,-3.747],[9.999,-4.995]],"c":true},"ix":2},"nm":"Path 3","mn":"ADBE Vector Shape - Group","hd":false},{"ind":3,"ty":"sh","ix":4,"ks":{"a":0,"k":{"i":[[-0.504,0],[0,0],[-0.006,-1.382],[0,0],[1.377,0],[0,0],[0,1.377],[0,0],[-1.383,0],[0,0],[-0.357,0.351],[0,0],[-0.838,0],[0,0],[-0.586,-0.586],[0,0]],"o":[[0,0],[1.383,0],[0,0],[0,1.383],[0,0],[-1.383,0],[0,0],[0,-1.382],[0,0],[0.498,0],[0,0],[0.586,-0.586],[0,0],[0.838,0],[0,0],[0.352,0.358]],"v":[[8.528,-8.75],[12.495,-8.75],[15.003,-6.249],[15.003,9.998],[12.501,12.5],[-12.501,12.5],[-15.003,9.998],[-15.003,-6.249],[-12.501,-8.75],[-8.534,-8.75],[-7.21,-9.301],[-4.925,-11.586],[-2.716,-12.5],[2.71,-12.5],[4.919,-11.586],[7.204,-9.301]],"c":true},"ix":2},"nm":"Path 4","mn":"ADBE Vector Shape - Group","hd":false},{"ty":"mm","mm":1,"nm":"Merge Paths 1","mn":"ADBE Vector Filter - Merge","hd":false},{"ty":"fl","c":{"a":0,"k":[1,1,1,1],"ix":4},"o":{"a":0,"k":100,"ix":5},"r":1,"bm":0,"nm":"Fill 1","mn":"ADBE Vector Graphic - Fill","hd":false},{"ty":"tr","p":{"a":0,"k":[33.393,32.639],"ix":2},"a":{"a":0,"k":[0,0],"ix":1},"s":{"a":0,"k":[100,100],"ix":3},"r":{"a":0,"k":0,"ix":6},"o":{"a":0,"k":100,"ix":7},"sk":{"a":0,"k":0,"ix":4},"sa":{"a":0,"k":0,"ix":5},"nm":"Transform"}],"nm":"Group 1","np":6,"cix":2,"bm":0,"ix":2,"mn":"ADBE Vector Group","hd":false},{"ty":"gr","it":[{"ind":0,"ty":"sh","ix":1,"ks":{"a":0,"k":{"i":[[-19.33,0],[0,-19.33],[19.33,0],[0,19.33]],"o":[[19.33,0],[0,19.33],[-19.33,0],[0,-19.33]],"v":[[0,-35],[35,0],[0,35],[-35,0]],"c":true},"ix":2},"nm":"Path 1","mn":"ADBE Vector Shape - Group","hd":false},{"ty":"fl","c":{"a":0,"k":[0.969000004787,0.39199999641,0.097999999102,1],"ix":4},"o":{"a":0,"k":100,"ix":5},"r":1,"bm":0,"nm":"Fill 1","mn":"ADBE Vector Graphic - Fill","hd":false},{"ty":"tr","p":{"a":0,"k":[33.792,33.161],"ix":2},"a":{"a":0,"k":[0,0],"ix":1},"s":{"a":0,"k":[100,100],"ix":3},"r":{"a":0,"k":0,"ix":6},"o":{"a":0,"k":100,"ix":7},"sk":{"a":0,"k":0,"ix":4},"sa":{"a":0,"k":0,"ix":5},"nm":"Transform"}],"nm":"Group 2","np":2,"cix":2,"bm":0,"ix":3,"mn":"ADBE Vector Group","hd":false}],"ip":0,"op":157,"st":0,"bm":0}],"markers":[{"tm":7,"cm":"touchDownStart","dr":0},{"tm":28,"cm":"touchDownEnd","dr":0},{"tm":46,"cm":"touchUpCancel","dr":0},{"tm":65,"cm":"touchUpEnd","dr":0}]}