{"v":"5.6.2","fr":30,"ip":0,"op":119,"w":1110,"h":1080,"nm":"Turn_03","ddd":0,"assets":[{"id":"comp_0","layers":[{"ddd":0,"ind":1,"ty":4,"nm":"ear_l 2","parent":7,"sr":1,"ks":{"o":{"a":0,"k":100,"ix":11},"r":{"a":0,"k":0,"ix":10},"p":{"a":1,"k":[{"i":{"x":0.667,"y":1},"o":{"x":0.333,"y":0},"t":0,"s":[44.997,289.972,0],"to":[0,0,0],"ti":[0,0,0]},{"i":{"x":0.26,"y":1},"o":{"x":0.333,"y":0},"t":12,"s":[27.997,289.972,0],"to":[0,0,0],"ti":[0,0,0]},{"i":{"x":0.26,"y":1},"o":{"x":0.74,"y":0},"t":45,"s":[64.997,289.972,0],"to":[0,0,0],"ti":[0,0,0]},{"i":{"x":0.667,"y":1},"o":{"x":0.74,"y":0},"t":54,"s":[64.997,289.972,0],"to":[0,0,0],"ti":[0,0,0]},{"i":{"x":0.667,"y":1},"o":{"x":0.333,"y":0},"t":80.25,"s":[27.997,289.972,0],"to":[0,0,0],"ti":[0,0,0]},{"t":90,"s":[44.997,289.972,0]}],"ix":2},"a":{"a":0,"k":[44.997,289.972,0],"ix":1},"s":{"a":0,"k":[100,100,100],"ix":6}},"ao":0,"shapes":[{"ty":"gr","it":[{"ind":0,"ty":"sh","ix":1,"ks":{"a":0,"k":{"i":[[0.957,-0.213],[11.569,11.461],[-0.757,14.971],[-13.162,8.213],[-14.86,-2.937]],"o":[[-17.352,3.862],[-11.569,-11.461],[0.694,-13.701],[12.228,-7.632],[-1.123,0.313]],"v":[[26.799,48.593],[-21.352,34.46],[-36.715,-7.551],[-17.255,-43.877],[32.08,-48.519]],"c":true},"ix":2},"nm":"Path 1","mn":"ADBE Vector Shape - Group","hd":false},{"ty":"tm","s":{"a":0,"k":0,"ix":1},"e":{"a":0,"k":65.7,"ix":2},"o":{"a":0,"k":0,"ix":3},"m":1,"ix":2,"nm":"Trim Paths 1","mn":"ADBE Vector Filter - Trim","hd":false},{"ty":"st","c":{"a":0,"k":[0.375999989229,0.375999989229,0.375999989229,1],"ix":3},"o":{"a":0,"k":100,"ix":4},"w":{"a":0,"k":6,"ix":5},"lc":2,"lj":2,"bm":0,"nm":"Stroke 1","mn":"ADBE Vector Graphic - Stroke","hd":false},{"ty":"fl","c":{"a":0,"k":[1,1,1,1],"ix":4},"o":{"a":0,"k":100,"ix":5},"r":1,"bm":0,"nm":"Fill 1","mn":"ADBE Vector Graphic - Fill","hd":false},{"ty":"tr","p":{"a":0,"k":[44.972,290.647],"ix":2},"a":{"a":0,"k":[0,0],"ix":1},"s":{"a":0,"k":[100,100],"ix":3},"r":{"a":0,"k":0,"ix":6},"o":{"a":0,"k":100,"ix":7},"sk":{"a":0,"k":0,"ix":4},"sa":{"a":0,"k":0,"ix":5},"nm":"Transform"}],"nm":"Group 6","np":4,"cix":2,"bm":0,"ix":1,"mn":"ADBE Vector Group","hd":false}],"ip":12,"op":80,"st":0,"bm":0},{"ddd":0,"ind":2,"ty":4,"nm":"nose","parent":7,"sr":1,"ks":{"o":{"a":0,"k":100,"ix":11},"r":{"a":0,"k":0,"ix":10},"p":{"a":1,"k":[{"i":{"x":0.26,"y":1},"o":{"x":0.333,"y":0},"t":0,"s":[247.587,315.151,0],"to":[0,0,0],"ti":[0,0,0]},{"i":{"x":0.26,"y":1},"o":{"x":0.74,"y":0},"t":45,"s":[337.587,315.151,0],"to":[0,0,0],"ti":[0,0,0]},{"i":{"x":0.667,"y":1},"o":{"x":0.74,"y":0},"t":54,"s":[337.587,315.151,0],"to":[0,0,0],"ti":[0,0,0]},{"t":90,"s":[247.587,315.151,0]}],"ix":2},"a":{"a":0,"k":[172.882,124.437,0],"ix":1},"s":{"a":0,"k":[100,100,100],"ix":6}},"ao":0,"shapes":[{"ty":"gr","it":[{"ind":0,"ty":"sh","ix":1,"ks":{"a":0,"k":{"i":[[0,0],[12.354,-16.848],[0,0]],"o":[[0,0],[-12.355,16.846],[0,0]],"v":[[-4.555,-59.527],[16.286,42.681],[-28.64,56.158]],"c":false},"ix":2},"nm":"Path 1","mn":"ADBE Vector Shape - Group","hd":false},{"ty":"st","c":{"a":0,"k":[0.375999989229,0.375999989229,0.375999989229,1],"ix":3},"o":{"a":0,"k":100,"ix":4},"w":{"a":0,"k":6,"ix":5},"lc":2,"lj":2,"bm":0,"nm":"Stroke 1","mn":"ADBE Vector Graphic - Stroke","hd":false},{"ty":"fl","c":{"a":0,"k":[1,1,1,1],"ix":4},"o":{"a":0,"k":100,"ix":5},"r":1,"bm":0,"nm":"Fill 1","mn":"ADBE Vector Graphic - Fill","hd":false},{"ty":"tr","p":{"a":0,"k":[176.03,130.636],"ix":2},"a":{"a":0,"k":[0,0],"ix":1},"s":{"a":0,"k":[100,100],"ix":3},"r":{"a":0,"k":0,"ix":6},"o":{"a":0,"k":100,"ix":7},"sk":{"a":0,"k":0,"ix":4},"sa":{"a":0,"k":0,"ix":5},"nm":"Transform"}],"nm":"Group 13","np":3,"cix":2,"bm":0,"ix":1,"mn":"ADBE Vector Group","hd":false}],"ip":0,"op":240,"st":0,"bm":0},{"ddd":0,"ind":3,"ty":4,"nm":"head 3","parent":6,"td":1,"sr":1,"ks":{"o":{"a":0,"k":100,"ix":11},"r":{"a":0,"k":0,"ix":10},"p":{"a":0,"k":[172.689,138.498,0],"ix":2},"a":{"a":0,"k":[247.394,329.213,0],"ix":1},"s":{"a":0,"k":[100,100,100],"ix":6}},"ao":0,"shapes":[{"ty":"gr","it":[{"ind":0,"ty":"sh","ix":1,"ks":{"a":1,"k":[{"i":{"x":0.667,"y":1},"o":{"x":0.333,"y":0},"t":3,"s":[{"i":[[-22.26,33.461],[1.128,4.529],[22.539,4.509],[5.137,-22.605]],"o":[[2.521,-3.79],[-2.126,-8.543],[-37.67,-7.535],[-4.868,21.424]],"v":[[53.21,6.993],[55.343,-6.216],[23.736,-32.919],[-51.603,0.989]],"c":true}]},{"i":{"x":0.667,"y":1},"o":{"x":0.333,"y":0},"t":8.218,"s":[{"i":[[-22.26,2.509],[1.128,0.34],[22.539,0.338],[5.137,-1.695]],"o":[[2.521,-0.284],[-2.126,-0.64],[-37.67,-0.565],[-4.868,1.606]],"v":[[53.21,0.524],[55.343,-0.466],[23.736,-2.468],[-51.603,0.074]],"c":true}]},{"i":{"x":0.833,"y":1},"o":{"x":0.167,"y":0},"t":15,"s":[{"i":[[-22.26,33.461],[1.128,4.529],[22.539,4.509],[5.137,-22.605]],"o":[[2.521,-3.79],[-2.126,-8.543],[-37.67,-7.535],[-4.868,21.424]],"v":[[53.21,6.993],[55.343,-6.216],[23.736,-32.919],[-51.603,0.989]],"c":true}]},{"i":{"x":0.667,"y":1},"o":{"x":0.333,"y":0},"t":62,"s":[{"i":[[-22.26,33.461],[1.128,4.529],[22.539,4.509],[5.137,-22.605]],"o":[[2.521,-3.79],[-2.126,-8.543],[-37.67,-7.535],[-4.868,21.424]],"v":[[53.21,6.993],[55.343,-6.216],[23.736,-32.919],[-51.603,0.989]],"c":true}]},{"i":{"x":0.667,"y":1},"o":{"x":0.333,"y":0},"t":67.218,"s":[{"i":[[-22.26,2.509],[1.128,0.34],[22.539,0.338],[5.137,-1.695]],"o":[[2.521,-0.284],[-2.126,-0.64],[-37.67,-0.565],[-4.868,1.606]],"v":[[53.21,0.524],[55.343,-0.466],[23.736,-2.468],[-51.603,0.074]],"c":true}]},{"t":74,"s":[{"i":[[-22.26,33.461],[1.128,4.529],[22.539,4.509],[5.137,-22.605]],"o":[[2.521,-3.79],[-2.126,-8.543],[-37.67,-7.535],[-4.868,21.424]],"v":[[53.21,6.993],[55.343,-6.216],[23.736,-32.919],[-51.603,0.989]],"c":true}]}],"ix":2},"nm":"Path 1","mn":"ADBE Vector Shape - Group","hd":false},{"ty":"st","c":{"a":0,"k":[0.375999989229,0.375999989229,0.375999989229,1],"ix":3},"o":{"a":0,"k":100,"ix":4},"w":{"a":0,"k":6,"ix":5},"lc":2,"lj":2,"bm":0,"nm":"Stroke 1","mn":"ADBE Vector Graphic - Stroke","hd":false},{"ty":"tr","p":{"a":0,"k":[347.358,293.564],"ix":2},"a":{"a":0,"k":[0,0],"ix":1},"s":{"a":0,"k":[100,100],"ix":3},"r":{"a":0,"k":0,"ix":6},"o":{"a":0,"k":100,"ix":7},"sk":{"a":0,"k":0,"ix":4},"sa":{"a":0,"k":0,"ix":5},"nm":"Transform"}],"nm":"Group 4","np":2,"cix":2,"bm":0,"ix":1,"mn":"ADBE Vector Group","hd":false},{"ty":"gr","it":[{"ind":0,"ty":"sh","ix":1,"ks":{"a":1,"k":[{"i":{"x":0.667,"y":1},"o":{"x":0.333,"y":0},"t":3,"s":[{"i":[[22.26,33.461],[-1.128,4.529],[-22.539,4.509],[-5.137,-22.605]],"o":[[-2.521,-3.79],[2.126,-8.543],[37.67,-7.535],[4.868,21.424]],"v":[[-53.21,6.993],[-55.343,-6.216],[-23.736,-32.919],[51.603,0.989]],"c":true}]},{"i":{"x":0.667,"y":1},"o":{"x":0.333,"y":0},"t":8.218,"s":[{"i":[[22.26,2.509],[-1.128,0.34],[-22.539,0.338],[-5.137,-1.695]],"o":[[-2.521,-0.284],[2.126,-0.64],[37.67,-0.565],[4.868,1.606]],"v":[[-53.21,0.524],[-55.343,-0.466],[-23.736,-2.468],[51.603,0.074]],"c":true}]},{"i":{"x":0.833,"y":1},"o":{"x":0.167,"y":0},"t":15,"s":[{"i":[[22.26,33.461],[-1.128,4.529],[-22.539,4.509],[-5.137,-22.605]],"o":[[-2.521,-3.79],[2.126,-8.543],[37.67,-7.535],[4.868,21.424]],"v":[[-53.21,6.993],[-55.343,-6.216],[-23.736,-32.919],[51.603,0.989]],"c":true}]},{"i":{"x":0.667,"y":1},"o":{"x":0.333,"y":0},"t":62,"s":[{"i":[[22.26,33.461],[-1.128,4.529],[-22.539,4.509],[-5.137,-22.605]],"o":[[-2.521,-3.79],[2.126,-8.543],[37.67,-7.535],[4.868,21.424]],"v":[[-53.21,6.993],[-55.343,-6.216],[-23.736,-32.919],[51.603,0.989]],"c":true}]},{"i":{"x":0.667,"y":1},"o":{"x":0.333,"y":0},"t":67.218,"s":[{"i":[[22.26,2.509],[-1.128,0.34],[-22.539,0.338],[-5.137,-1.695]],"o":[[-2.521,-0.284],[2.126,-0.64],[37.67,-0.565],[4.868,1.606]],"v":[[-53.21,0.524],[-55.343,-0.466],[-23.736,-2.468],[51.603,0.074]],"c":true}]},{"t":74,"s":[{"i":[[22.26,33.461],[-1.128,4.529],[-22.539,4.509],[-5.137,-22.605]],"o":[[-2.521,-3.79],[2.126,-8.543],[37.67,-7.535],[4.868,21.424]],"v":[[-53.21,6.993],[-55.343,-6.216],[-23.736,-32.919],[51.603,0.989]],"c":true}]}],"ix":2},"nm":"Path 1","mn":"ADBE Vector Shape - Group","hd":false},{"ty":"st","c":{"a":0,"k":[0.375999989229,0.375999989229,0.375999989229,1],"ix":3},"o":{"a":0,"k":100,"ix":4},"w":{"a":0,"k":6,"ix":5},"lc":2,"lj":2,"bm":0,"nm":"Stroke 1","mn":"ADBE Vector Graphic - Stroke","hd":false},{"ty":"tr","p":{"a":0,"k":[149.249,293.564],"ix":2},"a":{"a":0,"k":[0,0],"ix":1},"s":{"a":0,"k":[100,100],"ix":3},"r":{"a":0,"k":0,"ix":6},"o":{"a":0,"k":100,"ix":7},"sk":{"a":0,"k":0,"ix":4},"sa":{"a":0,"k":0,"ix":5},"nm":"Transform"}],"nm":"Group 10","np":2,"cix":2,"bm":0,"ix":2,"mn":"ADBE Vector Group","hd":false},{"ty":"fl","c":{"a":0,"k":[1,0,0,1],"ix":4},"o":{"a":0,"k":100,"ix":5},"r":1,"bm":0,"nm":"Fill 1","mn":"ADBE Vector Graphic - Fill","hd":false}],"ip":0,"op":240,"st":0,"bm":0},{"ddd":0,"ind":4,"ty":4,"nm":"eyelids","parent":7,"tt":1,"sr":1,"ks":{"o":{"a":0,"k":100,"ix":11},"r":{"a":0,"k":0,"ix":10},"p":{"a":1,"k":[{"i":{"x":0.732,"y":0.523},"o":{"x":0.448,"y":0},"t":0,"s":[247.587,315.151,0],"to":[0,0,0],"ti":[0,0,0]},{"i":{"x":0.333,"y":1},"o":{"x":0.18,"y":0.367},"t":10,"s":[261.758,325.151,0],"to":[0,0,0],"ti":[0,0,0]},{"i":{"x":0.26,"y":1},"o":{"x":0.74,"y":0},"t":45,"s":[313.787,315.151,0],"to":[0,0,0],"ti":[0,0,0]},{"i":{"x":0.667,"y":1},"o":{"x":0.74,"y":0},"t":54,"s":[313.787,315.151,0],"to":[0,0,0],"ti":[0,0,0]},{"t":90,"s":[247.587,315.151,0]}],"ix":2},"a":{"a":0,"k":[172.882,124.437,0],"ix":1},"s":{"a":1,"k":[{"i":{"x":[0.26,0.26,0.26],"y":[1,1,1]},"o":{"x":[0.333,0.333,0.333],"y":[0,0,0]},"t":0,"s":[100,100,100]},{"i":{"x":[0.26,0.26,0.26],"y":[1,1,1]},"o":{"x":[0.74,0.74,0.74],"y":[0,0,0]},"t":45,"s":[90,100,100]},{"i":{"x":[0.667,0.667,0.667],"y":[1,1,1]},"o":{"x":[0.74,0.74,0.74],"y":[0,0,0]},"t":54,"s":[90,100,100]},{"t":90,"s":[100,100,100]}],"ix":6}},"ao":0,"shapes":[{"ty":"gr","it":[{"ind":0,"ty":"sh","ix":1,"ks":{"a":0,"k":{"i":[[0,-4.941],[4.942,0],[0,4.942],[-4.941,0]],"o":[[0,4.942],[-4.941,0],[0,-4.941],[4.942,0]],"v":[[8.948,-0.001],[0,8.948],[-8.948,-0.001],[0,-8.948]],"c":true},"ix":2},"nm":"Path 1","mn":"ADBE Vector Shape - Group","hd":false},{"ty":"fl","c":{"a":0,"k":[1,1,1,1],"ix":4},"o":{"a":0,"k":100,"ix":5},"r":1,"bm":0,"nm":"Fill 1","mn":"ADBE Vector Graphic - Fill","hd":false},{"ty":"tr","p":{"a":0,"k":[262.721,86.12],"ix":2},"a":{"a":0,"k":[0,0],"ix":1},"s":{"a":0,"k":[100,100],"ix":3,"x":"var $bm_rt;\n$bm_rt = wiggle(15, 10);"},"r":{"a":0,"k":0,"ix":6},"o":{"a":0,"k":100,"ix":7},"sk":{"a":0,"k":0,"ix":4},"sa":{"a":0,"k":0,"ix":5},"nm":"Transform"}],"nm":"Group 1","np":2,"cix":2,"bm":0,"ix":1,"mn":"ADBE Vector Group","hd":false},{"ty":"gr","it":[{"ind":0,"ty":"sh","ix":1,"ks":{"a":0,"k":{"i":[[0,-4.941],[4.942,0],[0,4.942],[-4.942,0]],"o":[[0,4.942],[-4.942,0],[0,-4.941],[4.942,0]],"v":[[8.948,-0.001],[0,8.948],[-8.948,-0.001],[0,-8.948]],"c":true},"ix":2},"nm":"Path 1","mn":"ADBE Vector Shape - Group","hd":false},{"ty":"fl","c":{"a":0,"k":[1,1,1,1],"ix":4},"o":{"a":0,"k":100,"ix":5},"r":1,"bm":0,"nm":"Fill 1","mn":"ADBE Vector Graphic - Fill","hd":false},{"ty":"tr","p":{"a":0,"k":[58.874,86.12],"ix":2},"a":{"a":0,"k":[0,0],"ix":1},"s":{"a":0,"k":[100,100],"ix":3,"x":"var $bm_rt;\n$bm_rt = wiggle(15, 10);"},"r":{"a":0,"k":0,"ix":6},"o":{"a":0,"k":100,"ix":7},"sk":{"a":0,"k":0,"ix":4},"sa":{"a":0,"k":0,"ix":5},"nm":"Transform"}],"nm":"Group 2","np":2,"cix":2,"bm":0,"ix":2,"mn":"ADBE Vector Group","hd":false},{"ty":"gr","it":[{"ind":0,"ty":"sh","ix":1,"ks":{"a":0,"k":{"i":[[0,-16.625],[-16.625,0],[0,16.625],[16.626,0]],"o":[[0,16.625],[16.626,0],[0,-16.625],[-16.625,0]],"v":[[-30.103,0],[0,30.103],[30.103,0],[0,-30.103]],"c":true},"ix":2},"nm":"Path 1","mn":"ADBE Vector Shape - Group","hd":false},{"ty":"fl","c":{"a":0,"k":[0.375999989229,0.375999989229,0.375999989229,1],"ix":4},"o":{"a":0,"k":100,"ix":5},"r":1,"bm":0,"nm":"Fill 1","mn":"ADBE Vector Graphic - Fill","hd":false},{"ty":"tr","p":{"a":0,"k":[275.887,97.965],"ix":2},"a":{"a":0,"k":[0,0],"ix":1},"s":{"a":0,"k":[100,100],"ix":3},"r":{"a":0,"k":0,"ix":6},"o":{"a":0,"k":100,"ix":7},"sk":{"a":0,"k":0,"ix":4},"sa":{"a":0,"k":0,"ix":5},"nm":"Transform"}],"nm":"Group 3","np":2,"cix":2,"bm":0,"ix":3,"mn":"ADBE Vector Group","hd":false},{"ty":"gr","it":[{"ind":0,"ty":"sh","ix":1,"ks":{"a":0,"k":{"i":[[0,-16.625],[16.625,0],[0,16.625],[-16.626,0]],"o":[[0,16.625],[-16.626,0],[0,-16.625],[16.625,0]],"v":[[30.103,0],[0,30.103],[-30.103,0],[0,-30.103]],"c":true},"ix":2},"nm":"Path 1","mn":"ADBE Vector Shape - Group","hd":false},{"ty":"fl","c":{"a":0,"k":[0.375999989229,0.375999989229,0.375999989229,1],"ix":4},"o":{"a":0,"k":100,"ix":5},"r":1,"bm":0,"nm":"Fill 1","mn":"ADBE Vector Graphic - Fill","hd":false},{"ty":"tr","p":{"a":0,"k":[70.72,97.965],"ix":2},"a":{"a":0,"k":[0,0],"ix":1},"s":{"a":0,"k":[100,100],"ix":3},"r":{"a":0,"k":0,"ix":6},"o":{"a":0,"k":100,"ix":7},"sk":{"a":0,"k":0,"ix":4},"sa":{"a":0,"k":0,"ix":5},"nm":"Transform"}],"nm":"Group 5","np":2,"cix":2,"bm":0,"ix":4,"mn":"ADBE Vector Group","hd":false}],"ip":0,"op":240,"st":0,"bm":0},{"ddd":0,"ind":5,"ty":4,"nm":"head 2","parent":7,"td":1,"sr":1,"ks":{"o":{"a":0,"k":100,"ix":11},"r":{"a":0,"k":0,"ix":10},"p":{"a":0,"k":[247.394,329.213,0],"ix":2},"a":{"a":0,"k":[247.394,329.213,0],"ix":1},"s":{"a":0,"k":[100,100,100],"ix":6}},"ao":0,"shapes":[{"ty":"gr","it":[{"ind":0,"ty":"sh","ix":1,"ks":{"a":1,"k":[{"i":{"x":0.667,"y":1},"o":{"x":0.333,"y":0},"t":0,"s":[{"i":[[-126.375,0],[-17.467,137.1],[143.47,0],[0,0],[-11.725,-142.564]],"o":[[118.951,0],[18.761,-147.254],[0,0],[-143.47,0],[11.329,137.744]],"v":[[-4.691,268.51],[187.605,7.723],[5.055,-268.51],[-14.435,-268.51],[-194.642,7.723]],"c":true}]},{"i":{"x":0.667,"y":1},"o":{"x":0.333,"y":0},"t":45,"s":[{"i":[[-162.061,-4.244],[-1.193,219.067],[143.47,0],[0,0],[-14.947,-165.855]],"o":[[98.103,2.569],[0.809,-148.442],[0,0],[-143.47,0],[12.405,137.651]],"v":[[19.309,268.221],[187.605,7.723],[17.054,-267.821],[-14.435,-268.51],[-236.642,8.645]],"c":true}]},{"i":{"x":0.667,"y":1},"o":{"x":0.333,"y":0},"t":54,"s":[{"i":[[-162.061,-4.244],[-1.193,219.067],[143.47,0],[0,0],[-14.947,-165.855]],"o":[[98.103,2.569],[0.809,-148.442],[0,0],[-143.47,0],[12.405,137.651]],"v":[[19.309,268.221],[187.605,7.723],[17.054,-267.821],[-14.435,-268.51],[-236.642,8.645]],"c":true}]},{"t":90,"s":[{"i":[[-126.375,0],[-17.467,137.1],[143.47,0],[0,0],[-11.725,-142.564]],"o":[[118.951,0],[18.761,-147.254],[0,0],[-143.47,0],[11.329,137.744]],"v":[[-4.691,268.51],[187.605,7.723],[5.055,-268.51],[-14.435,-268.51],[-194.642,7.723]],"c":true}]}],"ix":2},"nm":"Path 1","mn":"ADBE Vector Shape - Group","hd":false},{"ty":"fl","c":{"a":0,"k":[1,1,1,1],"ix":4},"o":{"a":0,"k":100,"ix":5},"r":1,"bm":0,"nm":"Fill 1","mn":"ADBE Vector Graphic - Fill","hd":false},{"ty":"tr","p":{"a":0,"k":[249.718,276.01],"ix":2},"a":{"a":0,"k":[0,0],"ix":1},"s":{"a":0,"k":[100,100],"ix":3},"r":{"a":0,"k":0,"ix":6},"o":{"a":0,"k":100,"ix":7},"sk":{"a":0,"k":0,"ix":4},"sa":{"a":0,"k":0,"ix":5},"nm":"Transform"}],"nm":"Group 3","np":3,"cix":2,"bm":0,"ix":1,"mn":"ADBE Vector Group","hd":false}],"ip":0,"op":240,"st":0,"bm":0},{"ddd":0,"ind":6,"ty":4,"nm":"face","parent":7,"tt":1,"sr":1,"ks":{"o":{"a":0,"k":100,"ix":11},"r":{"a":0,"k":0,"ix":10},"p":{"a":1,"k":[{"i":{"x":0.732,"y":0.452},"o":{"x":0.448,"y":0},"t":0,"s":[247.587,315.151,0],"to":[0,0,0],"ti":[0,0,0]},{"i":{"x":0.519,"y":0.703},"o":{"x":0.271,"y":0.291},"t":10,"s":[263.902,321.151,0],"to":[0,0,0],"ti":[0,0,0]},{"i":{"x":0.532,"y":1},"o":{"x":0.224,"y":0.58},"t":23,"s":[306.462,315.151,0],"to":[0,0,0],"ti":[0,0,0]},{"i":{"x":0.26,"y":1},"o":{"x":0.74,"y":0},"t":45,"s":[323.787,315.151,0],"to":[0,0,0],"ti":[0,0,0]},{"i":{"x":0.667,"y":1},"o":{"x":0.74,"y":0},"t":54,"s":[323.787,315.151,0],"to":[0,0,0],"ti":[0,0,0]},{"t":90,"s":[247.587,315.151,0]}],"ix":2},"a":{"a":0,"k":[172.882,124.437,0],"ix":1},"s":{"a":1,"k":[{"i":{"x":[0.26,0.26,0.26],"y":[1,1,1]},"o":{"x":[0.333,0.333,0.333],"y":[0,0,0]},"t":0,"s":[100,100,100]},{"i":{"x":[0.26,0.26,0.26],"y":[1,1,1]},"o":{"x":[0.74,0.74,0.74],"y":[0,0,0]},"t":45,"s":[90,100,100]},{"i":{"x":[0.667,0.667,0.667],"y":[1,1,1]},"o":{"x":[0.74,0.74,0.74],"y":[0,0,0]},"t":54,"s":[90,100,100]},{"t":90,"s":[100,100,100]}],"ix":6}},"ao":0,"shapes":[{"ty":"gr","it":[{"ind":0,"ty":"sh","ix":1,"ks":{"a":1,"k":[{"i":{"x":0.667,"y":1},"o":{"x":0.333,"y":0},"t":3,"s":[{"i":[[-22.26,33.461],[1.128,4.529],[22.539,4.509],[5.137,-22.605]],"o":[[2.521,-3.79],[-2.126,-8.543],[-37.67,-7.535],[-4.868,21.424]],"v":[[53.21,6.993],[55.343,-6.216],[23.736,-32.919],[-51.603,0.989]],"c":true}]},{"i":{"x":0.667,"y":1},"o":{"x":0.333,"y":0},"t":8.218,"s":[{"i":[[-22.26,2.509],[1.128,0.34],[22.539,0.338],[5.137,-1.695]],"o":[[2.521,-0.284],[-2.126,-0.64],[-37.67,-0.565],[-4.868,1.606]],"v":[[53.21,0.524],[55.343,-0.466],[23.736,-2.468],[-51.603,0.074]],"c":true}]},{"i":{"x":0.833,"y":1},"o":{"x":0.167,"y":0},"t":15,"s":[{"i":[[-22.26,33.461],[1.128,4.529],[22.539,4.509],[5.137,-22.605]],"o":[[2.521,-3.79],[-2.126,-8.543],[-37.67,-7.535],[-4.868,21.424]],"v":[[53.21,6.993],[55.343,-6.216],[23.736,-32.919],[-51.603,0.989]],"c":true}]},{"i":{"x":0.667,"y":1},"o":{"x":0.333,"y":0},"t":62,"s":[{"i":[[-22.26,33.461],[1.128,4.529],[22.539,4.509],[5.137,-22.605]],"o":[[2.521,-3.79],[-2.126,-8.543],[-37.67,-7.535],[-4.868,21.424]],"v":[[53.21,6.993],[55.343,-6.216],[23.736,-32.919],[-51.603,0.989]],"c":true}]},{"i":{"x":0.667,"y":1},"o":{"x":0.333,"y":0},"t":67.218,"s":[{"i":[[-22.26,2.509],[1.128,0.34],[22.539,0.338],[5.137,-1.695]],"o":[[2.521,-0.284],[-2.126,-0.64],[-37.67,-0.565],[-4.868,1.606]],"v":[[53.21,0.524],[55.343,-0.466],[23.736,-2.468],[-51.603,0.074]],"c":true}]},{"t":74,"s":[{"i":[[-22.26,33.461],[1.128,4.529],[22.539,4.509],[5.137,-22.605]],"o":[[2.521,-3.79],[-2.126,-8.543],[-37.67,-7.535],[-4.868,21.424]],"v":[[53.21,6.993],[55.343,-6.216],[23.736,-32.919],[-51.603,0.989]],"c":true}]}],"ix":2},"nm":"Path 1","mn":"ADBE Vector Shape - Group","hd":false},{"ty":"st","c":{"a":0,"k":[0.375999989229,0.375999989229,0.375999989229,1],"ix":3},"o":{"a":0,"k":100,"ix":4},"w":{"a":0,"k":6,"ix":5},"lc":2,"lj":2,"bm":0,"nm":"Stroke 1","mn":"ADBE Vector Graphic - Stroke","hd":false},{"ty":"tr","p":{"a":0,"k":[272.358,102.564],"ix":2},"a":{"a":0,"k":[0,0],"ix":1},"s":{"a":0,"k":[100,100],"ix":3},"r":{"a":0,"k":0,"ix":6},"o":{"a":0,"k":100,"ix":7},"sk":{"a":0,"k":0,"ix":4},"sa":{"a":0,"k":0,"ix":5},"nm":"Transform"}],"nm":"Group 4","np":2,"cix":2,"bm":0,"ix":1,"mn":"ADBE Vector Group","hd":false},{"ty":"gr","it":[{"ind":0,"ty":"sh","ix":1,"ks":{"a":1,"k":[{"i":{"x":0.667,"y":1},"o":{"x":0.333,"y":0},"t":3,"s":[{"i":[[22.26,33.461],[-1.128,4.529],[-22.539,4.509],[-5.137,-22.605]],"o":[[-2.521,-3.79],[2.126,-8.543],[37.67,-7.535],[4.868,21.424]],"v":[[-53.21,6.993],[-55.343,-6.216],[-23.736,-32.919],[51.603,0.989]],"c":true}]},{"i":{"x":0.667,"y":1},"o":{"x":0.333,"y":0},"t":8.218,"s":[{"i":[[22.26,2.509],[-1.128,0.34],[-22.539,0.338],[-5.137,-1.695]],"o":[[-2.521,-0.284],[2.126,-0.64],[37.67,-0.565],[4.868,1.606]],"v":[[-53.21,0.524],[-55.343,-0.466],[-23.736,-2.468],[51.603,0.074]],"c":true}]},{"i":{"x":0.833,"y":1},"o":{"x":0.167,"y":0},"t":15,"s":[{"i":[[22.26,33.461],[-1.128,4.529],[-22.539,4.509],[-5.137,-22.605]],"o":[[-2.521,-3.79],[2.126,-8.543],[37.67,-7.535],[4.868,21.424]],"v":[[-53.21,6.993],[-55.343,-6.216],[-23.736,-32.919],[51.603,0.989]],"c":true}]},{"i":{"x":0.667,"y":1},"o":{"x":0.333,"y":0},"t":62,"s":[{"i":[[22.26,33.461],[-1.128,4.529],[-22.539,4.509],[-5.137,-22.605]],"o":[[-2.521,-3.79],[2.126,-8.543],[37.67,-7.535],[4.868,21.424]],"v":[[-53.21,6.993],[-55.343,-6.216],[-23.736,-32.919],[51.603,0.989]],"c":true}]},{"i":{"x":0.667,"y":1},"o":{"x":0.333,"y":0},"t":67.218,"s":[{"i":[[22.26,2.509],[-1.128,0.34],[-22.539,0.338],[-5.137,-1.695]],"o":[[-2.521,-0.284],[2.126,-0.64],[37.67,-0.565],[4.868,1.606]],"v":[[-53.21,0.524],[-55.343,-0.466],[-23.736,-2.468],[51.603,0.074]],"c":true}]},{"t":74,"s":[{"i":[[22.26,33.461],[-1.128,4.529],[-22.539,4.509],[-5.137,-22.605]],"o":[[-2.521,-3.79],[2.126,-8.543],[37.67,-7.535],[4.868,21.424]],"v":[[-53.21,6.993],[-55.343,-6.216],[-23.736,-32.919],[51.603,0.989]],"c":true}]}],"ix":2},"nm":"Path 1","mn":"ADBE Vector Shape - Group","hd":false},{"ty":"st","c":{"a":0,"k":[0.375999989229,0.375999989229,0.375999989229,1],"ix":3},"o":{"a":0,"k":100,"ix":4},"w":{"a":0,"k":6,"ix":5},"lc":2,"lj":2,"bm":0,"nm":"Stroke 1","mn":"ADBE Vector Graphic - Stroke","hd":false},{"ty":"tr","p":{"a":0,"k":[74.249,102.564],"ix":2},"a":{"a":0,"k":[0,0],"ix":1},"s":{"a":0,"k":[100,100],"ix":3},"r":{"a":0,"k":0,"ix":6},"o":{"a":0,"k":100,"ix":7},"sk":{"a":0,"k":0,"ix":4},"sa":{"a":0,"k":0,"ix":5},"nm":"Transform"}],"nm":"Group 10","np":2,"cix":2,"bm":0,"ix":2,"mn":"ADBE Vector Group","hd":false},{"ty":"gr","it":[{"ind":0,"ty":"sh","ix":1,"ks":{"a":0,"k":{"i":[[0,0],[-38.455,2.635]],"o":[[0,0],[0,0]],"v":[[-39.123,-5.858],[39.123,3.223]],"c":false},"ix":2},"nm":"Path 1","mn":"ADBE Vector Shape - Group","hd":false},{"ty":"st","c":{"a":0,"k":[0.375999989229,0.375999989229,0.375999989229,1],"ix":3},"o":{"a":0,"k":100,"ix":4},"w":{"a":0,"k":6,"ix":5},"lc":2,"lj":2,"bm":0,"nm":"Stroke 1","mn":"ADBE Vector Graphic - Stroke","hd":false},{"ty":"tr","p":{"a":0,"k":[134.241,232.839],"ix":2},"a":{"a":0,"k":[0,0],"ix":1},"s":{"a":0,"k":[100,100],"ix":3},"r":{"a":0,"k":0,"ix":6},"o":{"a":0,"k":100,"ix":7},"sk":{"a":0,"k":0,"ix":4},"sa":{"a":0,"k":0,"ix":5},"nm":"Transform"}],"nm":"Group 6","np":2,"cix":2,"bm":0,"ix":3,"mn":"ADBE Vector Group","hd":false},{"ty":"gr","it":[{"ind":0,"ty":"sh","ix":1,"ks":{"a":0,"k":{"i":[[0,0],[-34.99,-16.071]],"o":[[33.865,-18.322],[0,0]],"v":[[-55.682,9.856],[55.682,6.215]],"c":false},"ix":2},"nm":"Path 1","mn":"ADBE Vector Shape - Group","hd":false},{"ty":"st","c":{"a":0,"k":[0.375999989229,0.375999989229,0.375999989229,1],"ix":3},"o":{"a":0,"k":100,"ix":4},"w":{"a":0,"k":6,"ix":5},"lc":2,"lj":2,"bm":0,"nm":"Stroke 1","mn":"ADBE Vector Graphic - Stroke","hd":false},{"ty":"tr","p":{"a":1,"k":[{"i":{"x":0.667,"y":1},"o":{"x":0.333,"y":0},"t":0,"s":[63.182,17.356],"to":[0,0],"ti":[0,0]},{"i":{"x":0.667,"y":1},"o":{"x":0.333,"y":0},"t":7,"s":[63.182,37.356],"to":[0,0],"ti":[0,0]},{"i":{"x":0.667,"y":0.667},"o":{"x":0.333,"y":0.333},"t":23,"s":[63.182,10.356],"to":[0,0],"ti":[0,0]},{"i":{"x":0.667,"y":1},"o":{"x":0.333,"y":0},"t":60,"s":[63.182,10.356],"to":[0,0],"ti":[0,0]},{"i":{"x":0.667,"y":1},"o":{"x":0.333,"y":0},"t":66,"s":[63.182,37.356],"to":[0,0],"ti":[0,0]},{"t":80,"s":[63.182,17.356]}],"ix":2},"a":{"a":0,"k":[0,0],"ix":1},"s":{"a":0,"k":[100,100],"ix":3},"r":{"a":0,"k":0,"ix":6},"o":{"a":0,"k":100,"ix":7},"sk":{"a":0,"k":0,"ix":4},"sa":{"a":0,"k":0,"ix":5},"nm":"Transform"}],"nm":"Group 7","np":2,"cix":2,"bm":0,"ix":4,"mn":"ADBE Vector Group","hd":false},{"ty":"gr","it":[{"ind":0,"ty":"sh","ix":1,"ks":{"a":0,"k":{"i":[[0,0],[-33.835,-18.376]],"o":[[35.015,-16.015],[0,0]],"v":[[-55.679,6.098],[55.679,9.917]],"c":false},"ix":2},"nm":"Path 1","mn":"ADBE Vector Shape - Group","hd":false},{"ty":"st","c":{"a":0,"k":[0.375999989229,0.375999989229,0.375999989229,1],"ix":3},"o":{"a":0,"k":100,"ix":4},"w":{"a":0,"k":6,"ix":5},"lc":2,"lj":2,"bm":0,"nm":"Stroke 1","mn":"ADBE Vector Graphic - Stroke","hd":false},{"ty":"tr","p":{"a":1,"k":[{"i":{"x":0.667,"y":1},"o":{"x":0.333,"y":0},"t":0,"s":[282.585,20.605],"to":[0,0],"ti":[0,0]},{"i":{"x":0.667,"y":1},"o":{"x":0.333,"y":0},"t":7,"s":[282.585,40.605],"to":[0,0],"ti":[0,0]},{"i":{"x":0.667,"y":0.667},"o":{"x":0.333,"y":0.333},"t":23,"s":[282.585,30.605],"to":[0,0],"ti":[0,0]},{"i":{"x":0.667,"y":1},"o":{"x":0.333,"y":0},"t":60,"s":[282.585,30.605],"to":[0,0],"ti":[0,0]},{"i":{"x":0.667,"y":1},"o":{"x":0.333,"y":0},"t":66,"s":[282.585,40.605],"to":[0,0],"ti":[0,0]},{"t":80,"s":[282.585,20.605]}],"ix":2},"a":{"a":0,"k":[0,0],"ix":1},"s":{"a":0,"k":[100,100],"ix":3},"r":{"a":0,"k":0,"ix":6},"o":{"a":0,"k":100,"ix":7},"sk":{"a":0,"k":0,"ix":4},"sa":{"a":0,"k":0,"ix":5},"nm":"Transform"}],"nm":"Group 8","np":2,"cix":2,"bm":0,"ix":5,"mn":"ADBE Vector Group","hd":false},{"ty":"gr","it":[{"ind":0,"ty":"sh","ix":1,"ks":{"a":0,"k":{"i":[[0,0],[-97.504,-8.269]],"o":[[0,0],[0,0]],"v":[[-144.49,-285.844],[15.49,-172.156]],"c":false},"ix":2},"nm":"Path 1","mn":"ADBE Vector Shape - Group","hd":false},{"ty":"st","c":{"a":0,"k":[0.375999989229,0.375999989229,0.375999989229,1],"ix":3},"o":{"a":0,"k":100,"ix":4},"w":{"a":0,"k":6,"ix":5},"lc":2,"lj":2,"bm":0,"nm":"Stroke 1","mn":"ADBE Vector Graphic - Stroke","hd":false},{"ty":"tr","p":{"a":0,"k":[375.439,152.511],"ix":2},"a":{"a":0,"k":[0,0],"ix":1},"s":{"a":0,"k":[100,100],"ix":3},"r":{"a":0,"k":0,"ix":6},"o":{"a":0,"k":100,"ix":7},"sk":{"a":0,"k":0,"ix":4},"sa":{"a":0,"k":0,"ix":5},"nm":"Transform"}],"nm":"Group 11","np":3,"cix":2,"bm":0,"ix":6,"mn":"ADBE Vector Group","hd":false},{"ty":"gr","it":[{"ind":0,"ty":"sh","ix":1,"ks":{"a":0,"k":{"i":[[0,0],[218.006,-64.588],[21.501,-80],[99,44]],"o":[[0,0],[0,0],[-16.757,62.35],[-99,-44]],"v":[[63.292,-315.053],[-256.292,-123.947],[-355.718,-20.515],[-528.261,67.485]],"c":false},"ix":2},"nm":"Path 1","mn":"ADBE Vector Shape - Group","hd":false},{"ty":"st","c":{"a":0,"k":[0.375999989229,0.375999989229,0.375999989229,1],"ix":3},"o":{"a":0,"k":100,"ix":4},"w":{"a":0,"k":6,"ix":5},"lc":2,"lj":2,"bm":0,"nm":"Stroke 1","mn":"ADBE Vector Graphic - Stroke","hd":false},{"ty":"tr","p":{"a":0,"k":[208.686,140.601],"ix":2},"a":{"a":0,"k":[0,0],"ix":1},"s":{"a":0,"k":[100,100],"ix":3},"r":{"a":0,"k":0,"ix":6},"o":{"a":0,"k":100,"ix":7},"sk":{"a":0,"k":0,"ix":4},"sa":{"a":0,"k":0,"ix":5},"nm":"Transform"}],"nm":"Group 12","np":2,"cix":2,"bm":0,"ix":7,"mn":"ADBE Vector Group","hd":false}],"ip":0,"op":240,"st":0,"bm":0},{"ddd":0,"ind":7,"ty":4,"nm":"head","sr":1,"ks":{"o":{"a":0,"k":100,"ix":11},"r":{"a":0,"k":0,"ix":10},"p":{"a":1,"k":[{"i":{"x":0.667,"y":1},"o":{"x":0.333,"y":0},"t":0,"s":[555.264,542.412,0],"to":[0,0,0],"ti":[0,0,0]},{"i":{"x":0.667,"y":1},"o":{"x":0.333,"y":0},"t":6,"s":[555.264,548.512,0],"to":[0,0,0],"ti":[0,0,0]},{"i":{"x":0.667,"y":0.667},"o":{"x":0.167,"y":0.167},"t":15,"s":[555.264,542.412,0],"to":[0,0,0],"ti":[0,0,0]},{"i":{"x":0.667,"y":1},"o":{"x":0.333,"y":0},"t":62,"s":[555.264,542.412,0],"to":[0,0,0],"ti":[0,0,0]},{"i":{"x":0.667,"y":1},"o":{"x":0.333,"y":0},"t":68,"s":[555.264,548.512,0],"to":[0,0,0],"ti":[0,0,0]},{"t":77,"s":[555.264,542.412,0]}],"ix":2},"a":{"a":0,"k":[247.394,329.213,0],"ix":1},"s":{"a":0,"k":[100,100,100],"ix":6}},"ao":0,"shapes":[{"ty":"gr","it":[{"ind":0,"ty":"sh","ix":1,"ks":{"a":1,"k":[{"i":{"x":0.667,"y":1},"o":{"x":0.333,"y":0},"t":0,"s":[{"i":[[-126.375,0],[-25.266,110.341],[-2.684,21.067],[0.162,18.231],[124.875,0],[0,0],[-11.725,-142.564]],"o":[[100.673,0],[4.587,-20.033],[2.432,-19.086],[-1.086,-122.426],[0,0],[-143.47,0],[11.329,137.744]],"v":[[-4.69,268.51],[176.743,69.573],[187.605,7.723],[191.02,-48.373],[5.055,-268.51],[-14.435,-268.51],[-194.642,7.723]],"c":true}]},{"i":{"x":0.667,"y":1},"o":{"x":0.333,"y":0},"t":45,"s":[{"i":[[-161.96,-4.232],[-11.914,171.591],[-0.111,19.645],[0.711,15.604],[127.76,0],[0,0],[-14.937,-165.789]],"o":[[89.349,2.332],[1.175,-16.923],[0.094,-16.254],[-5.783,-126.895],[0,0],[-143.47,0],[12.402,137.651]],"v":[[19.241,268.222],[185.662,62.529],[179.605,13.722],[186.737,-40.134],[17.02,-267.823],[-14.435,-268.51],[-236.522,8.642]],"c":true}]},{"i":{"x":0.667,"y":1},"o":{"x":0.333,"y":0},"t":54,"s":[{"i":[[-161.96,-4.232],[-11.914,171.591],[-0.111,19.645],[0.711,15.604],[127.76,0],[0,0],[-14.937,-165.789]],"o":[[89.349,2.332],[1.175,-16.923],[0.094,-16.254],[-5.783,-126.895],[0,0],[-143.47,0],[12.402,137.651]],"v":[[19.241,268.222],[185.662,62.529],[179.605,13.722],[186.737,-40.134],[17.02,-267.823],[-14.435,-268.51],[-236.522,8.642]],"c":true}]},{"t":90,"s":[{"i":[[-126.375,0],[-25.266,110.341],[-2.684,21.067],[0.162,18.231],[124.875,0],[0,0],[-11.725,-142.564]],"o":[[100.673,0],[4.587,-20.033],[2.432,-19.086],[-1.086,-122.426],[0,0],[-143.47,0],[11.329,137.744]],"v":[[-4.69,268.51],[176.743,69.573],[187.605,7.723],[191.02,-48.373],[5.055,-268.51],[-14.435,-268.51],[-194.642,7.723]],"c":true}]}],"ix":2},"nm":"Path 1","mn":"ADBE Vector Shape - Group","hd":false},{"ty":"st","c":{"a":0,"k":[0.375999989229,0.375999989229,0.375999989229,1],"ix":3},"o":{"a":0,"k":100,"ix":4},"w":{"a":0,"k":6,"ix":5},"lc":2,"lj":2,"bm":0,"nm":"Stroke 1","mn":"ADBE Vector Graphic - Stroke","hd":false},{"ty":"fl","c":{"a":0,"k":[1,1,1,1],"ix":4},"o":{"a":0,"k":100,"ix":5},"r":1,"bm":0,"nm":"Fill 1","mn":"ADBE Vector Graphic - Fill","hd":false},{"ty":"tr","p":{"a":0,"k":[249.718,276.01],"ix":2},"a":{"a":0,"k":[0,0],"ix":1},"s":{"a":0,"k":[100,100],"ix":3},"r":{"a":0,"k":0,"ix":6},"o":{"a":0,"k":100,"ix":7},"sk":{"a":0,"k":0,"ix":4},"sa":{"a":0,"k":0,"ix":5},"nm":"Transform"}],"nm":"Group 3","np":3,"cix":2,"bm":0,"ix":1,"mn":"ADBE Vector Group","hd":false}],"ip":0,"op":240,"st":0,"bm":0},{"ddd":0,"ind":8,"ty":4,"nm":"neck","sr":1,"ks":{"o":{"a":0,"k":100,"ix":11},"r":{"a":0,"k":0,"ix":10},"p":{"a":1,"k":[{"i":{"x":0.26,"y":1},"o":{"x":0.333,"y":0},"t":0,"s":[554.999,757.721,0],"to":[0,0,0],"ti":[0,0,0]},{"i":{"x":0.26,"y":1},"o":{"x":0.74,"y":0},"t":45,"s":[519.999,757.721,0],"to":[0,0,0],"ti":[0,0,0]},{"i":{"x":0.667,"y":1},"o":{"x":0.74,"y":0},"t":54,"s":[519.999,757.721,0],"to":[0,0,0],"ti":[0,0,0]},{"t":90,"s":[554.999,757.721,0]}],"ix":2},"a":{"a":0,"k":[247.129,544.521,0],"ix":1},"s":{"a":0,"k":[100,100,100],"ix":6}},"ao":0,"shapes":[{"ty":"gr","it":[{"ind":0,"ty":"sh","ix":1,"ks":{"a":0,"k":{"i":[[0,0],[0,0],[-19.573,84.438],[0,0]],"o":[[0,0],[3.914,77.683],[0,0],[0,0]],"v":[[-88.854,-98.087],[-88.606,33.774],[88.853,33.774],[88.853,-118.212]],"c":true},"ix":2},"nm":"Path 1","mn":"ADBE Vector Shape - Group","hd":false},{"ty":"st","c":{"a":0,"k":[0.375999989229,0.375999989229,0.375999989229,1],"ix":3},"o":{"a":0,"k":100,"ix":4},"w":{"a":0,"k":6,"ix":5},"lc":2,"lj":2,"bm":0,"nm":"Stroke 1","mn":"ADBE Vector Graphic - Stroke","hd":false},{"ty":"fl","c":{"a":0,"k":[1,1,1,1],"ix":4},"o":{"a":0,"k":100,"ix":5},"r":1,"bm":0,"nm":"Fill 1","mn":"ADBE Vector Graphic - Fill","hd":false},{"ty":"tr","p":{"a":0,"k":[247.129,556.329],"ix":2},"a":{"a":0,"k":[0,0],"ix":1},"s":{"a":0,"k":[100,100],"ix":3},"r":{"a":0,"k":0,"ix":6},"o":{"a":0,"k":100,"ix":7},"sk":{"a":0,"k":0,"ix":4},"sa":{"a":0,"k":0,"ix":5},"nm":"Transform"}],"nm":"Group 4","np":3,"cix":2,"bm":0,"ix":1,"mn":"ADBE Vector Group","hd":false}],"ip":0,"op":240,"st":0,"bm":0},{"ddd":0,"ind":9,"ty":4,"nm":"ear_r","parent":7,"sr":1,"ks":{"o":{"a":0,"k":100,"ix":11},"r":{"a":0,"k":0,"ix":10},"p":{"a":1,"k":[{"i":{"x":0.26,"y":1},"o":{"x":0.333,"y":0},"t":0,"s":[450.997,289.972,0],"to":[0,0,0],"ti":[0,0,0]},{"i":{"x":0.26,"y":1},"o":{"x":0.74,"y":0},"t":45,"s":[242.997,289.972,0],"to":[0,0,0],"ti":[0,0,0]},{"i":{"x":0.667,"y":1},"o":{"x":0.74,"y":0},"t":54,"s":[242.997,289.972,0],"to":[0,0,0],"ti":[0,0,0]},{"t":90,"s":[450.997,289.972,0]}],"ix":2},"a":{"a":0,"k":[44.997,289.972,0],"ix":1},"s":{"a":0,"k":[-100,100,100],"ix":6}},"ao":0,"shapes":[{"ty":"gr","it":[{"ind":0,"ty":"sh","ix":1,"ks":{"a":0,"k":{"i":[[0.957,-0.213],[11.569,11.461],[-0.757,14.971],[-13.162,8.213],[-14.86,-2.937]],"o":[[-17.352,3.862],[-11.569,-11.461],[0.694,-13.701],[12.228,-7.632],[-1.123,0.313]],"v":[[26.799,48.593],[-21.352,34.46],[-36.715,-7.551],[-17.255,-43.877],[32.08,-48.519]],"c":true},"ix":2},"nm":"Path 1","mn":"ADBE Vector Shape - Group","hd":false},{"ty":"tm","s":{"a":0,"k":0,"ix":1},"e":{"a":0,"k":65.7,"ix":2},"o":{"a":0,"k":0,"ix":3},"m":1,"ix":2,"nm":"Trim Paths 1","mn":"ADBE Vector Filter - Trim","hd":false},{"ty":"st","c":{"a":0,"k":[0.375999989229,0.375999989229,0.375999989229,1],"ix":3},"o":{"a":0,"k":100,"ix":4},"w":{"a":0,"k":6,"ix":5},"lc":2,"lj":2,"bm":0,"nm":"Stroke 1","mn":"ADBE Vector Graphic - Stroke","hd":false},{"ty":"fl","c":{"a":0,"k":[1,1,1,1],"ix":4},"o":{"a":0,"k":100,"ix":5},"r":1,"bm":0,"nm":"Fill 1","mn":"ADBE Vector Graphic - Fill","hd":false},{"ty":"tr","p":{"a":0,"k":[44.972,290.647],"ix":2},"a":{"a":0,"k":[0,0],"ix":1},"s":{"a":0,"k":[100,100],"ix":3},"r":{"a":0,"k":0,"ix":6},"o":{"a":0,"k":100,"ix":7},"sk":{"a":0,"k":0,"ix":4},"sa":{"a":0,"k":0,"ix":5},"nm":"Transform"}],"nm":"Group 6","np":4,"cix":2,"bm":0,"ix":1,"mn":"ADBE Vector Group","hd":false}],"ip":0,"op":145,"st":0,"bm":0},{"ddd":0,"ind":10,"ty":4,"nm":"ear_l 3","parent":7,"sr":1,"ks":{"o":{"a":0,"k":100,"ix":11},"r":{"a":0,"k":0,"ix":10},"p":{"a":1,"k":[{"i":{"x":0.667,"y":1},"o":{"x":0.333,"y":0},"t":0,"s":[44.997,289.972,0],"to":[0,0,0],"ti":[0,0,0]},{"i":{"x":0.26,"y":1},"o":{"x":0.333,"y":0},"t":12,"s":[27.997,289.972,0],"to":[0,0,0],"ti":[0,0,0]},{"i":{"x":0.26,"y":1},"o":{"x":0.74,"y":0},"t":45,"s":[174.997,289.972,0],"to":[0,0,0],"ti":[0,0,0]},{"i":{"x":0.833,"y":0.833},"o":{"x":0.74,"y":0},"t":54,"s":[174.997,289.972,0],"to":[0,0,0],"ti":[0,0,0]},{"i":{"x":0.833,"y":0.833},"o":{"x":0.167,"y":0.167},"t":78.75,"s":[27.997,289.972,0],"to":[0,0,0],"ti":[0,0,0]},{"t":90,"s":[44.997,289.972,0]}],"ix":2},"a":{"a":0,"k":[44.997,289.972,0],"ix":1},"s":{"a":0,"k":[100,100,100],"ix":6}},"ao":0,"shapes":[{"ty":"gr","it":[{"ind":0,"ty":"sh","ix":1,"ks":{"a":0,"k":{"i":[[0.957,-0.213],[11.569,11.461],[-0.757,14.971],[-13.162,8.213],[-14.86,-2.937]],"o":[[-17.352,3.862],[-11.569,-11.461],[0.694,-13.701],[12.228,-7.632],[-1.123,0.313]],"v":[[26.799,48.593],[-21.352,34.46],[-36.715,-7.551],[-17.255,-43.877],[32.08,-48.519]],"c":true},"ix":2},"nm":"Path 1","mn":"ADBE Vector Shape - Group","hd":false},{"ty":"tm","s":{"a":0,"k":0,"ix":1},"e":{"a":0,"k":65.7,"ix":2},"o":{"a":0,"k":0,"ix":3},"m":1,"ix":2,"nm":"Trim Paths 1","mn":"ADBE Vector Filter - Trim","hd":false},{"ty":"st","c":{"a":0,"k":[0.375999989229,0.375999989229,0.375999989229,1],"ix":3},"o":{"a":0,"k":100,"ix":4},"w":{"a":0,"k":6,"ix":5},"lc":2,"lj":2,"bm":0,"nm":"Stroke 1","mn":"ADBE Vector Graphic - Stroke","hd":false},{"ty":"fl","c":{"a":0,"k":[1,1,1,1],"ix":4},"o":{"a":0,"k":100,"ix":5},"r":1,"bm":0,"nm":"Fill 1","mn":"ADBE Vector Graphic - Fill","hd":false},{"ty":"tr","p":{"a":0,"k":[44.972,290.647],"ix":2},"a":{"a":0,"k":[0,0],"ix":1},"s":{"a":0,"k":[100,100],"ix":3},"r":{"a":0,"k":0,"ix":6},"o":{"a":0,"k":100,"ix":7},"sk":{"a":0,"k":0,"ix":4},"sa":{"a":0,"k":0,"ix":5},"nm":"Transform"}],"nm":"Group 6","np":4,"cix":2,"bm":0,"ix":1,"mn":"ADBE Vector Group","hd":false}],"ip":80,"op":240,"st":0,"bm":0},{"ddd":0,"ind":11,"ty":4,"nm":"ear_l","parent":7,"sr":1,"ks":{"o":{"a":0,"k":100,"ix":11},"r":{"a":0,"k":0,"ix":10},"p":{"a":1,"k":[{"i":{"x":0.667,"y":1},"o":{"x":0.333,"y":0},"t":0,"s":[44.997,289.972,0],"to":[0,0,0],"ti":[0,0,0]},{"i":{"x":0.26,"y":1},"o":{"x":0.333,"y":0},"t":12,"s":[27.997,289.972,0],"to":[0,0,0],"ti":[0,0,0]},{"i":{"x":0.26,"y":1},"o":{"x":0.74,"y":0},"t":45,"s":[174.997,289.972,0],"to":[0,0,0],"ti":[0,0,0]},{"i":{"x":0.667,"y":1},"o":{"x":0.74,"y":0},"t":54,"s":[174.997,289.972,0],"to":[0,0,0],"ti":[0,0,0]},{"i":{"x":0.667,"y":1},"o":{"x":0.333,"y":0},"t":80.25,"s":[27.997,289.972,0],"to":[0,0,0],"ti":[0,0,0]},{"t":90,"s":[44.997,289.972,0]}],"ix":2},"a":{"a":0,"k":[44.997,289.972,0],"ix":1},"s":{"a":0,"k":[100,100,100],"ix":6}},"ao":0,"shapes":[{"ty":"gr","it":[{"ind":0,"ty":"sh","ix":1,"ks":{"a":0,"k":{"i":[[0.957,-0.213],[11.569,11.461],[-0.757,14.971],[-13.162,8.213],[-14.86,-2.937]],"o":[[-17.352,3.862],[-11.569,-11.461],[0.694,-13.701],[12.228,-7.632],[-1.123,0.313]],"v":[[26.799,48.593],[-21.352,34.46],[-36.715,-7.551],[-17.255,-43.877],[32.08,-48.519]],"c":true},"ix":2},"nm":"Path 1","mn":"ADBE Vector Shape - Group","hd":false},{"ty":"tm","s":{"a":0,"k":0,"ix":1},"e":{"a":0,"k":65.7,"ix":2},"o":{"a":0,"k":0,"ix":3},"m":1,"ix":2,"nm":"Trim Paths 1","mn":"ADBE Vector Filter - Trim","hd":false},{"ty":"st","c":{"a":0,"k":[0.375999989229,0.375999989229,0.375999989229,1],"ix":3},"o":{"a":0,"k":100,"ix":4},"w":{"a":0,"k":6,"ix":5},"lc":2,"lj":2,"bm":0,"nm":"Stroke 1","mn":"ADBE Vector Graphic - Stroke","hd":false},{"ty":"fl","c":{"a":0,"k":[1,1,1,1],"ix":4},"o":{"a":0,"k":100,"ix":5},"r":1,"bm":0,"nm":"Fill 1","mn":"ADBE Vector Graphic - Fill","hd":false},{"ty":"tr","p":{"a":0,"k":[44.972,290.647],"ix":2},"a":{"a":0,"k":[0,0],"ix":1},"s":{"a":0,"k":[100,100],"ix":3},"r":{"a":0,"k":0,"ix":6},"o":{"a":0,"k":100,"ix":7},"sk":{"a":0,"k":0,"ix":4},"sa":{"a":0,"k":0,"ix":5},"nm":"Transform"}],"nm":"Group 6","np":4,"cix":2,"bm":0,"ix":1,"mn":"ADBE Vector Group","hd":false}],"ip":0,"op":12,"st":0,"bm":0}]}],"layers":[{"ddd":0,"ind":1,"ty":0,"nm":"Turn_01","refId":"comp_0","sr":1,"ks":{"o":{"a":0,"k":100,"ix":11},"r":{"a":0,"k":0,"ix":10},"p":{"a":0,"k":[555,540,0],"ix":2},"a":{"a":0,"k":[555,540,0],"ix":1},"s":{"a":0,"k":[-100,100,100],"ix":6}},"ao":0,"w":1110,"h":1080,"ip":58,"op":120,"st":58,"bm":0},{"ddd":0,"ind":2,"ty":0,"nm":"Turn_01","refId":"comp_0","sr":1,"ks":{"o":{"a":0,"k":100,"ix":11},"r":{"a":0,"k":0,"ix":10},"p":{"a":0,"k":[555,540,0],"ix":2},"a":{"a":0,"k":[555,540,0],"ix":1},"s":{"a":0,"k":[100,100,100],"ix":6}},"ao":0,"w":1110,"h":1080,"ip":0,"op":58,"st":0,"bm":0}],"markers":[]}